id,name,host_id,host_name,neighbourhood_group,neighbourhood,latitude,longitude,room_type,price,minimum_nights,number_of_reviews,last_review,reviews_per_month,calculated_host_listings_count,availability_365
1,Listing 1,7265,Host467,Manhattan,Harlem,40.53999,-73.88926,Entire home/apt,252.95,1,14,2023-06-15,0.07,8,293
2,Listing 2,5555,Host314,Manhattan,Upper West Side,40.7099,-73.89882,Entire home/apt,288.74,1,21,2023-06-15,0.41,3,363
3,Listing 3,6393,Host388,Brooklyn,Bedford-Stuyvesant,40.87688,-73.85285,Entire home/apt,185.68,1,16,2023-06-15,1.13,8,34
4,Listing 4,8555,Host2,Bronx,Riverdale,40.67006,-73.97722,Entire home/apt,124.3,2,19,2023-06-15,3.14,8,214
5,Listing 5,5887,Host410,Brooklyn,Bushwick,40.8861,-73.83754,Entire home/apt,109.86,1,17,2023-06-15,0.02,9,343
6,Listing 6,6258,Host499,Manhattan,Upper West Side,40.78274,-73.79485,Entire home/apt,205.21,3,12,2023-06-15,0.15,7,200
7,Listing 7,9996,Host99,Brooklyn,Bushwick,40.73652,-73.95385,Entire home/apt,227.76,2,25,2023-06-15,0.32,7,282
8,Listing 8,8035,Host461,Brooklyn,Park Slope,40.58069,-73.73648,Entire home/apt,124.04,2,21,2023-06-15,0.18,7,236
9,Listing 9,4157,Host284,Brooklyn,Williamsburg,40.87188,-73.76716,Entire home/apt,160.51,2,20,2023-06-15,2.72,7,189
10,Listing 10,7776,Host116,Manhattan,Harlem,40.64103,-73.94333,Private room,117.93,1,20,2023-06-15,1.41,8,314
11,Listing 11,7585,Host52,Manhattan,Upper West Side,40.59875,-73.80629,Private room,108.49,3,19,2023-06-15,0.51,1,125
12,Listing 12,6535,Host247,Manhattan,Upper West Side,40.76885,-73.78343,Entire home/apt,228.14,1,23,2023-06-15,1.2,6,239
13,Listing 13,7546,Host346,Queens,Astoria,40.70484,-73.97073,Entire home/apt,191.76,2,15,2023-06-15,0.59,2,359
14,Listing 14,6534,Host478,Manhattan,Upper West Side,40.77831,-73.97001,Private room,169.94,1,32,2023-06-15,2.57,7,8
15,Listing 15,2648,Host456,Manhattan,SoHo,40.81414,-73.81585,Private room,159.71,2,18,2023-06-15,4.36,2,365
16,Listing 16,1956,Host169,Brooklyn,Bushwick,40.57037,-74.04367,Entire home/apt,217.68,2,15,2023-06-15,1.64,3,127
17,Listing 17,2693,Host38,Brooklyn,Bedford-Stuyvesant,40.89156,-73.87964,Entire home/apt,116.26,7,19,2023-06-15,1.24,1,316
18,Listing 18,8679,Host17,Brooklyn,Bedford-Stuyvesant,40.89782,-73.88552,Entire home/apt,197.82,1,26,2023-06-15,3.67,1,301
19,Listing 19,3975,Host471,Staten Island,St. George,40.60739,-73.88015,Shared room,27.3,1,19,2023-06-15,3.19,8,113
20,Listing 20,8806,Host155,Brooklyn,Bushwick,40.61812,-73.93711,Entire home/apt,149.99,5,14,2023-06-15,0.97,7,25
21,Listing 21,7655,Host494,Queens,Astoria,40.81832,-73.7385,Private room,23.92,1,18,2023-06-15,1.04,6,50
22,Listing 22,7293,Host314,Brooklyn,Park Slope,40.84416,-73.96241,Shared room,78.3,1,17,2023-06-15,0.47,8,52
23,Listing 23,7966,Host424,Manhattan,Upper West Side,40.79044,-73.70845,Private room,230.56,2,17,2023-06-15,0.38,7,345
24,Listing 24,2150,Host393,Manhattan,Harlem,40.7754,-74.02963,Entire home/apt,307.74,7,19,2023-06-15,0.12,9,236
25,Listing 25,8004,Host247,Manhattan,Upper West Side,40.51909,-73.85189,Entire home/apt,202.5,1,14,2023-06-15,0.12,1,93
26,Listing 26,7617,Host432,Queens,Astoria,40.82277,-73.92879,Entire home/apt,200.44,2,22,2023-06-15,3.57,4,289
27,Listing 27,5611,Host16,Manhattan,Chelsea,40.52823,-73.82515,Private room,181.53,1,21,2023-06-15,1.24,1,178
28,Listing 28,4913,Host43,Queens,Long Island City,40.57832,-74.02572,Private room,71.66,1,22,2023-06-15,0.46,2,114
29,Listing 29,8543,Host420,Manhattan,Upper West Side,40.66718,-73.71135,Private room,156.18,2,19,2023-06-15,1.03,3,35
30,Listing 30,7806,Host190,Manhattan,SoHo,40.72475,-73.96649,Private room,127.64,3,23,2023-06-15,0.57,1,61
31,Listing 31,1395,Host445,Brooklyn,Williamsburg,40.86215,-74.01805,Entire home/apt,159.43,1,21,2023-06-15,0.71,3,24
32,Listing 32,2167,Host57,Brooklyn,Williamsburg,40.54539,-73.72417,Private room,131.66,30,23,2023-06-15,1.47,9,73
33,Listing 33,7313,Host393,Queens,Astoria,40.82874,-73.80282,Entire home/apt,133.3,1,18,2023-06-15,2.01,7,216
34,Listing 34,4486,Host275,Brooklyn,Bedford-Stuyvesant,40.81086,-73.85456,Entire home/apt,148.72,2,27,2023-06-15,0.81,2,219
35,Listing 35,4072,Host387,Brooklyn,Bedford-Stuyvesant,40.73335,-73.71324,Entire home/apt,181.91,1,17,2023-06-15,0.3,6,57
36,Listing 36,5910,Host149,Manhattan,Upper West Side,40.51736,-73.72637,Private room,101.91,7,16,2023-06-15,0.09,9,304
37,Listing 37,9662,Host441,Brooklyn,Park Slope,40.8661,-73.71445,Shared room,22.61,1,19,2023-06-15,0.49,4,89
38,Listing 38,5964,Host41,Manhattan,Upper West Side,40.60398,-73.89137,Private room,196.03,1,17,2023-06-15,1.11,3,252
39,Listing 39,3871,Host286,Bronx,Fordham,40.84643,-74.03417,Private room,20.0,1,18,2023-06-15,5.24,1,266
40,Listing 40,7970,Host283,Brooklyn,Park Slope,40.72763,-74.02777,Entire home/apt,242.26,1,14,2023-06-15,0.09,1,196
41,Listing 41,5809,Host458,Staten Island,Tottenville,40.65114,-73.96562,Private room,123.85,1,16,2023-06-15,0.28,1,287
42,Listing 42,1249,Host162,Manhattan,SoHo,40.69048,-73.75902,Entire home/apt,258.04,1,13,2023-06-15,1.07,7,206
43,Listing 43,7881,Host294,Queens,Flushing,40.74324,-73.82717,Private room,53.9,2,13,2023-06-15,0.95,1,334
44,Listing 44,3180,Host285,Manhattan,SoHo,40.55883,-73.72569,Entire home/apt,220.31,2,17,2023-06-15,4.7,5,204
45,Listing 45,9472,Host195,Manhattan,SoHo,40.84973,-73.86967,Entire home/apt,248.66,30,21,2023-06-15,2.07,2,91
46,Listing 46,7376,Host12,Manhattan,Chelsea,40.58253,-73.92251,Entire home/apt,196.4,2,23,2023-06-15,1.93,9,213
47,Listing 47,1302,Host127,Manhattan,Chelsea,40.86962,-73.96736,Entire home/apt,241.13,3,20,2023-06-15,0.08,8,6
48,Listing 48,6870,Host493,Brooklyn,Park Slope,40.84689,-73.92605,Entire home/apt,170.43,1,13,2023-06-15,0.24,7,272
49,Listing 49,7168,Host68,Manhattan,Chelsea,40.64204,-73.82291,Entire home/apt,205.9,2,21,2023-06-15,0.98,8,235
50,Listing 50,3739,Host282,Manhattan,Harlem,40.74302,-73.96448,Entire home/apt,186.27,2,18,2023-06-15,0.01,5,197
51,Listing 51,4735,Host311,Manhattan,Upper West Side,40.83693,-74.03193,Entire home/apt,210.3,1,27,2023-06-15,2.99,6,117
52,Listing 52,6560,Host194,Manhattan,Upper West Side,40.72271,-73.84994,Private room,100.44,1,24,2023-06-15,0.47,3,211
53,Listing 53,2828,Host382,Brooklyn,Williamsburg,40.56175,-73.8816,Entire home/apt,208.5,2,10,2023-06-15,0.17,7,137
54,Listing 54,2619,Host321,Staten Island,St. George,40.55553,-74.04905,Private room,90.57,1,20,2023-06-15,1.9,1,68
55,Listing 55,3635,Host483,Queens,Flushing,40.5266,-73.79061,Entire home/apt,130.29,2,25,2023-06-15,1.9,3,212
56,Listing 56,8577,Host62,Manhattan,SoHo,40.64353,-73.74298,Private room,138.58,1,25,2023-06-15,0.57,3,124
57,Listing 57,5033,Host462,Manhattan,SoHo,40.52665,-73.96984,Entire home/apt,159.56,2,19,2023-06-15,1.57,4,14
58,Listing 58,1922,Host420,Queens,Astoria,40.89908,-73.78666,Entire home/apt,163.38,3,24,2023-06-15,0.27,2,9
59,Listing 59,3371,Host332,Brooklyn,Bushwick,40.80875,-74.04573,Entire home/apt,220.48,2,21,2023-06-15,1.1,4,10
60,Listing 60,7166,Host303,Bronx,Riverdale,40.61517,-73.83477,Private room,34.71,7,14,2023-06-15,0.35,8,315
61,Listing 61,6959,Host127,Brooklyn,Bedford-Stuyvesant,40.56102,-73.8483,Private room,116.74,2,19,2023-06-15,3.27,6,266
62,Listing 62,4417,Host110,Brooklyn,Bushwick,40.57453,-73.75688,Entire home/apt,177.96,1,17,2023-06-15,1.12,9,308
63,Listing 63,1536,Host90,Manhattan,Upper West Side,40.86794,-73.92878,Private room,98.39,1,23,2023-06-15,0.31,3,181
64,Listing 64,4572,Host344,Manhattan,SoHo,40.62459,-73.77683,Entire home/apt,243.84,1,16,2023-06-15,0.87,1,83
65,Listing 65,3482,Host379,Brooklyn,Bedford-Stuyvesant,40.81991,-73.92771,Entire home/apt,271.93,2,22,2023-06-15,2.17,3,17
66,Listing 66,7645,Host476,Manhattan,SoHo,40.69244,-73.87605,Entire home/apt,236.37,3,13,2023-06-15,0.09,3,287
67,Listing 67,8643,Host288,Manhattan,SoHo,40.78639,-73.81938,Private room,120.52,1,16,2023-06-15,1.34,8,53
68,Listing 68,8776,Host92,Manhattan,Harlem,40.59527,-74.0152,Entire home/apt,231.22,1,25,2023-06-15,1.32,5,222
69,Listing 69,9705,Host385,Manhattan,Chelsea,40.82698,-73.93036,Entire home/apt,167.21,1,18,2023-06-15,0.37,5,292
70,Listing 70,8083,Host355,Brooklyn,Bushwick,40.87938,-73.78274,Entire home/apt,239.59,1,26,2023-06-15,2.7,1,114
71,Listing 71,6877,Host278,Brooklyn,Williamsburg,40.83397,-73.70546,Entire home/apt,115.07,2,15,2023-06-15,0.02,2,127
72,Listing 72,8184,Host165,Manhattan,Upper West Side,40.76057,-73.75959,Entire home/apt,263.73,1,21,2023-06-15,1.31,7,172
73,Listing 73,4067,Host310,Queens,Astoria,40.79521,-74.02102,Entire home/apt,98.51,2,16,2023-06-15,0.41,4,112
74,Listing 74,5150,Host111,Brooklyn,Bedford-Stuyvesant,40.88163,-74.00275,Private room,98.54,2,17,2023-06-15,0.21,4,336
75,Listing 75,3120,Host201,Brooklyn,Williamsburg,40.64062,-73.90552,Entire home/apt,149.8,3,21,2023-06-15,0.09,2,228
76,Listing 76,8009,Host12,Manhattan,SoHo,40.64439,-74.01795,Entire home/apt,325.94,7,19,2023-06-15,0.94,8,338
77,Listing 77,6319,Host25,Brooklyn,Williamsburg,40.86135,-73.82367,Private room,131.01,3,20,2023-06-15,0.15,7,136
78,Listing 78,2500,Host82,Manhattan,Upper West Side,40.79803,-74.03079,Shared room,135.72,2,20,2023-06-15,1.26,8,107
79,Listing 79,8126,Host364,Manhattan,Chelsea,40.72897,-73.76861,Private room,33.83,2,22,2023-06-15,0.88,2,310
80,Listing 80,4810,Host379,Brooklyn,Bushwick,40.89917,-73.92725,Entire home/apt,220.93,3,19,2023-06-15,1.19,8,235
81,Listing 81,4760,Host3,Staten Island,Tottenville,40.68692,-73.94605,Entire home/apt,115.48,5,23,2023-06-15,0.39,5,72
82,Listing 82,2828,Host61,Manhattan,Harlem,40.60359,-73.84401,Private room,51.59,30,26,2023-06-15,2.81,2,152
83,Listing 83,4564,Host366,Brooklyn,Bedford-Stuyvesant,40.59227,-73.98822,Entire home/apt,175.66,1,15,2023-06-15,0.52,5,53
84,Listing 84,2913,Host241,Staten Island,St. George,40.56956,-73.91132,Entire home/apt,123.7,3,23,2023-06-15,2.03,6,268
85,Listing 85,2218,Host409,Manhattan,SoHo,40.84088,-74.0376,Entire home/apt,144.17,1,28,2023-06-15,0.4,6,327
86,Listing 86,9228,Host316,Brooklyn,Bedford-Stuyvesant,40.54379,-73.73693,Entire home/apt,133.87,30,20,2023-06-15,1.02,8,353
87,Listing 87,4239,Host92,Brooklyn,Williamsburg,40.84023,-73.74645,Entire home/apt,178.6,3,25,2023-06-15,1.37,6,187
88,Listing 88,3808,Host499,Manhattan,SoHo,40.85163,-74.0482,Shared room,93.22,5,24,2023-06-15,0.26,1,232
89,Listing 89,6352,Host224,Brooklyn,Park Slope,40.83605,-73.91275,Entire home/apt,153.36,1,15,2023-06-15,3.53,1,11
90,Listing 90,9213,Host474,Manhattan,Chelsea,40.52988,-73.75165,Entire home/apt,207.18,30,22,2023-06-15,1.25,4,6
91,Listing 91,4356,Host4,Manhattan,Harlem,40.67047,-73.89201,Entire home/apt,296.62,1,24,2023-06-15,0.3,2,174
92,Listing 92,4778,Host337,Brooklyn,Bushwick,40.88529,-74.03904,Entire home/apt,166.37,3,19,2023-06-15,0.46,6,14
93,Listing 93,6390,Host492,Brooklyn,Park Slope,40.68928,-73.71113,Entire home/apt,118.94,1,24,2023-06-15,0.17,5,23
94,Listing 94,1526,Host153,Bronx,Fordham,40.50049,-73.84059,Entire home/apt,148.75,2,16,2023-06-15,0.31,6,116
95,Listing 95,9465,Host478,Brooklyn,Bedford-Stuyvesant,40.657,-73.88202,Entire home/apt,157.92,2,17,2023-06-15,2.36,6,266
96,Listing 96,7731,Host377,Brooklyn,Bedford-Stuyvesant,40.72836,-74.04357,Entire home/apt,167.98,2,16,2023-06-15,1.79,2,352
97,Listing 97,8014,Host90,Brooklyn,Williamsburg,40.77579,-73.76979,Private room,42.09,1,15,2023-06-15,1.21,3,122
98,Listing 98,1552,Host370,Manhattan,Chelsea,40.87408,-73.71843,Private room,90.71,2,24,2023-06-15,0.79,4,207
99,Listing 99,8867,Host362,Brooklyn,Bushwick,40.67544,-73.79631,Private room,74.31,2,22,2023-06-15,1.15,3,54
100,Listing 100,3356,Host183,Brooklyn,Williamsburg,40.51746,-73.99341,Entire home/apt,168.04,1,22,2023-06-15,0.94,3,201
101,Listing 101,1158,Host442,Brooklyn,Williamsburg,40.79708,-73.90108,Entire home/apt,212.64,1,21,2023-06-15,1.55,4,65
102,Listing 102,2394,Host186,Brooklyn,Bedford-Stuyvesant,40.86495,-73.97627,Entire home/apt,164.57,2,22,2023-06-15,0.17,8,99
103,Listing 103,5648,Host318,Bronx,Fordham,40.53896,-73.90824,Private room,61.73,2,21,2023-06-15,0.12,1,344
104,Listing 104,5356,Host449,Staten Island,Tottenville,40.80939,-74.00419,Private room,20.0,7,19,2023-06-15,0.09,9,256
105,Listing 105,7099,Host284,Brooklyn,Bedford-Stuyvesant,40.51467,-73.79226,Private room,63.96,3,20,2023-06-15,1.97,6,107
106,Listing 106,1968,Host293,Brooklyn,Bedford-Stuyvesant,40.87464,-74.03623,Entire home/apt,189.83,1,19,2023-06-15,0.46,1,178
107,Listing 107,1125,Host482,Manhattan,Chelsea,40.62925,-73.70942,Entire home/apt,312.87,2,16,2023-06-15,0.5,6,339
108,Listing 108,2969,Host234,Manhattan,Chelsea,40.79316,-73.99317,Entire home/apt,225.47,1,23,2023-06-15,0.32,6,174
109,Listing 109,8705,Host136,Brooklyn,Park Slope,40.84584,-73.78102,Shared room,54.39,1,25,2023-06-15,1.03,2,191
110,Listing 110,6208,Host176,Manhattan,Harlem,40.80097,-74.01833,Private room,133.93,1,13,2023-06-15,1.74,4,101
111,Listing 111,6450,Host129,Brooklyn,Bushwick,40.54808,-73.85943,Private room,85.6,1,18,2023-06-15,0.61,5,315
112,Listing 112,7059,Host102,Brooklyn,Williamsburg,40.52928,-73.83879,Entire home/apt,224.03,3,22,2023-06-15,0.57,8,303
113,Listing 113,9234,Host432,Queens,Astoria,40.71977,-73.78859,Private room,20.0,3,20,2023-06-15,0.68,5,123
114,Listing 114,1140,Host470,Bronx,Riverdale,40.57782,-73.99178,Private room,59.34,2,20,2023-06-15,3.18,3,135
115,Listing 115,3137,Host345,Manhattan,Upper West Side,40.70899,-74.00687,Private room,147.65,5,24,2023-06-15,0.42,1,297
116,Listing 116,2798,Host310,Bronx,Riverdale,40.72009,-74.03481,Entire home/apt,88.34,2,30,2023-06-15,2.05,6,219
117,Listing 117,7295,Host208,Manhattan,Harlem,40.72265,-73.96052,Private room,116.48,1,22,2023-06-15,1.75,1,241
118,Listing 118,2249,Host161,Manhattan,Harlem,40.5867,-74.0165,Private room,91.74,1,22,2023-06-15,0.95,9,77
119,Listing 119,7780,Host167,Brooklyn,Williamsburg,40.78981,-74.04446,Entire home/apt,136.85,1,25,2023-06-15,0.49,7,108
120,Listing 120,8843,Host387,Manhattan,Upper West Side,40.66048,-73.92157,Private room,200.56,1,22,2023-06-15,2.14,5,26
121,Listing 121,3428,Host58,Brooklyn,Bedford-Stuyvesant,40.6332,-73.81568,Private room,116.01,30,22,2023-06-15,1.57,4,263
122,Listing 122,4374,Host311,Brooklyn,Bushwick,40.71433,-74.01616,Shared room,143.21,2,24,2023-06-15,1.31,4,2
123,Listing 123,3368,Host121,Bronx,Fordham,40.76862,-74.01747,Entire home/apt,125.61,1,21,2023-06-15,0.21,4,150
124,Listing 124,3817,Host475,Manhattan,Chelsea,40.59562,-73.8716,Entire home/apt,264.56,5,26,2023-06-15,1.85,6,315
125,Listing 125,6548,Host291,Queens,Flushing,40.76972,-73.86363,Entire home/apt,158.96,3,14,2023-06-15,2.05,5,162
126,Listing 126,8373,Host276,Manhattan,Chelsea,40.72922,-73.72354,Entire home/apt,142.24,2,20,2023-06-15,1.12,1,109
127,Listing 127,2048,Host141,Queens,Flushing,40.64701,-74.02614,Entire home/apt,22.47,1,19,2023-06-15,0.85,2,315
128,Listing 128,6179,Host151,Queens,Astoria,40.56081,-74.02853,Entire home/apt,126.06,3,19,2023-06-15,6.33,8,82
129,Listing 129,9591,Host252,Manhattan,Harlem,40.74722,-73.82838,Entire home/apt,209.46,1,16,2023-06-15,0.23,4,123
130,Listing 130,8870,Host62,Queens,Flushing,40.76163,-73.92602,Entire home/apt,111.4,2,20,2023-06-15,0.59,5,182
131,Listing 131,8638,Host314,Brooklyn,Park Slope,40.57588,-73.83337,Entire home/apt,184.48,1,25,2023-06-15,0.27,5,172
132,Listing 132,5795,Host395,Manhattan,Harlem,40.68175,-73.75448,Entire home/apt,288.71,1,20,2023-06-15,0.47,2,231
133,Listing 133,3672,Host105,Queens,Astoria,40.54086,-73.81946,Entire home/apt,182.35,7,25,2023-06-15,0.39,2,313
134,Listing 134,9906,Host247,Manhattan,Upper West Side,40.76374,-73.73671,Entire home/apt,225.63,2,21,2023-06-15,0.88,3,68
135,Listing 135,9599,Host483,Brooklyn,Williamsburg,40.50484,-73.71522,Entire home/apt,200.72,3,18,2023-06-15,0.52,3,27
136,Listing 136,7493,Host352,Manhattan,Chelsea,40.52749,-73.9015,Entire home/apt,283.11,1,20,2023-06-15,1.83,8,328
137,Listing 137,9569,Host119,Manhattan,Chelsea,40.51678,-73.71103,Entire home/apt,199.54,3,21,2023-06-15,1.65,2,10
138,Listing 138,6784,Host488,Manhattan,Harlem,40.67283,-73.89621,Private room,99.78,2,29,2023-06-15,0.16,3,173
139,Listing 139,5875,Host233,Manhattan,Harlem,40.71761,-73.82738,Entire home/apt,246.17,1,21,2023-06-15,0.07,6,149
140,Listing 140,4537,Host258,Staten Island,Tottenville,40.55269,-73.79591,Entire home/apt,114.64,5,16,2023-06-15,2.2,6,170
141,Listing 141,3460,Host30,Queens,Astoria,40.84933,-73.8273,Entire home/apt,146.12,3,15,2023-06-15,0.01,1,363
142,Listing 142,6343,Host320,Brooklyn,Williamsburg,40.82003,-73.97859,Entire home/apt,98.57,2,23,2023-06-15,0.25,9,111
143,Listing 143,2037,Host121,Queens,Flushing,40.88323,-73.92122,Private room,83.75,1,14,2023-06-15,2.51,5,185
144,Listing 144,2929,Host24,Manhattan,Harlem,40.58688,-74.00176,Private room,147.77,3,15,2023-06-15,0.62,7,3
145,Listing 145,4959,Host254,Brooklyn,Park Slope,40.69464,-73.84022,Entire home/apt,230.68,2,22,2023-06-15,1.43,6,116
146,Listing 146,6469,Host183,Queens,Long Island City,40.7942,-73.96745,Entire home/apt,203.74,1,24,2023-06-15,0.43,1,197
147,Listing 147,4471,Host325,Brooklyn,Bedford-Stuyvesant,40.57379,-73.92322,Entire home/apt,203.0,1,25,2023-06-15,0.88,3,244
148,Listing 148,8999,Host421,Manhattan,SoHo,40.69236,-73.89769,Entire home/apt,269.03,7,23,2023-06-15,0.06,7,128
149,Listing 149,8736,Host31,Queens,Flushing,40.86905,-73.88478,Entire home/apt,104.93,1,17,2023-06-15,0.04,7,162
150,Listing 150,3014,Host106,Manhattan,Chelsea,40.83792,-73.95615,Entire home/apt,220.16,1,25,2023-06-15,1.16,9,20
151,Listing 151,1671,Host248,Brooklyn,Williamsburg,40.71933,-74.0052,Private room,91.47,5,18,2023-06-15,1.86,9,164
152,Listing 152,4670,Host218,Staten Island,Tottenville,40.57648,-73.93161,Entire home/apt,94.52,1,15,2023-06-15,1.53,9,326
153,Listing 153,5624,Host98,Brooklyn,Williamsburg,40.53269,-73.88959,Entire home/apt,157.18,2,25,2023-06-15,0.74,3,124
154,Listing 154,9103,Host294,Brooklyn,Bedford-Stuyvesant,40.82256,-73.88927,Entire home/apt,175.09,1,24,2023-06-15,0.36,4,153
155,Listing 155,1781,Host411,Manhattan,Chelsea,40.87866,-73.85394,Private room,96.04,3,21,2023-06-15,0.12,3,43
156,Listing 156,7744,Host379,Brooklyn,Bedford-Stuyvesant,40.65217,-73.77854,Private room,115.88,7,16,2023-06-15,0.41,9,163
157,Listing 157,6223,Host210,Manhattan,Upper West Side,40.56318,-73.80644,Private room,165.62,3,17,2023-06-15,2.84,2,362
158,Listing 158,6110,Host8,Staten Island,St. George,40.8576,-73.821,Private room,52.33,1,19,2023-06-15,0.1,9,11
159,Listing 159,4604,Host158,Brooklyn,Park Slope,40.75387,-73.99192,Shared room,69.1,5,19,2023-06-15,0.02,9,130
160,Listing 160,8833,Host382,Brooklyn,Williamsburg,40.65161,-73.70929,Private room,95.7,1,22,2023-06-15,0.35,6,130
161,Listing 161,9381,Host417,Queens,Flushing,40.59595,-74.00031,Entire home/apt,157.12,1,19,2023-06-15,1.26,6,272
162,Listing 162,9915,Host381,Queens,Long Island City,40.77047,-73.93621,Private room,93.12,3,12,2023-06-15,2.32,1,246
163,Listing 163,8358,Host21,Manhattan,SoHo,40.51328,-73.94362,Entire home/apt,220.56,3,22,2023-06-15,2.85,7,90
164,Listing 164,3659,Host328,Manhattan,Chelsea,40.55154,-73.90553,Entire home/apt,251.31,5,20,2023-06-15,0.66,6,214
165,Listing 165,8880,Host284,Manhattan,Harlem,40.5072,-73.71302,Entire home/apt,241.84,3,17,2023-06-15,0.4,4,119
166,Listing 166,1285,Host265,Brooklyn,Williamsburg,40.50496,-73.88593,Entire home/apt,181.68,1,21,2023-06-15,0.43,9,195
167,Listing 167,4198,Host255,Manhattan,Upper West Side,40.53159,-73.96617,Private room,173.01,3,20,2023-06-15,2.14,3,171
168,Listing 168,5577,Host216,Manhattan,Harlem,40.88233,-74.0412,Entire home/apt,302.42,3,19,2023-06-15,0.5,4,92
169,Listing 169,2846,Host455,Manhattan,Harlem,40.55268,-73.96804,Private room,200.6,3,34,2023-06-15,0.38,7,360
170,Listing 170,3261,Host153,Brooklyn,Park Slope,40.50117,-74.03608,Entire home/apt,198.69,2,27,2023-06-15,0.76,9,92
171,Listing 171,6808,Host141,Brooklyn,Park Slope,40.7148,-73.75105,Entire home/apt,108.81,1,17,2023-06-15,0.69,6,232
172,Listing 172,1855,Host277,Manhattan,Harlem,40.63809,-73.87241,Entire home/apt,264.4,5,20,2023-06-15,5.92,1,167
173,Listing 173,7588,Host240,Brooklyn,Bedford-Stuyvesant,40.61869,-73.79855,Private room,50.22,7,25,2023-06-15,2.46,2,323
174,Listing 174,2774,Host412,Manhattan,SoHo,40.71983,-73.73489,Private room,168.42,2,17,2023-06-15,0.64,9,201
175,Listing 175,8544,Host39,Manhattan,SoHo,40.84948,-73.79661,Private room,89.37,1,27,2023-06-15,0.92,8,257
176,Listing 176,3282,Host321,Manhattan,Chelsea,40.53376,-73.91022,Entire home/apt,234.27,7,24,2023-06-15,0.75,8,293
177,Listing 177,3120,Host437,Queens,Flushing,40.8447,-73.8434,Private room,41.7,1,18,2023-06-15,1.04,9,62
178,Listing 178,2141,Host100,Manhattan,SoHo,40.65719,-73.86597,Private room,128.28,2,15,2023-06-15,0.05,1,192
179,Listing 179,6546,Host495,Bronx,Fordham,40.52868,-73.90663,Entire home/apt,143.41,1,22,2023-06-15,0.54,4,203
180,Listing 180,2900,Host434,Brooklyn,Park Slope,40.69424,-74.04036,Private room,153.33,2,32,2023-06-15,0.05,6,362
181,Listing 181,5340,Host30,Manhattan,Chelsea,40.55202,-73.75758,Entire home/apt,200.47,1,18,2023-06-15,0.7,2,200
182,Listing 182,6619,Host401,Staten Island,St. George,40.6542,-73.93086,Private room,42.26,2,15,2023-06-15,0.94,6,308
183,Listing 183,5857,Host497,Queens,Long Island City,40.70298,-73.81291,Entire home/apt,145.21,1,25,2023-06-15,0.22,8,124
184,Listing 184,7652,Host273,Brooklyn,Park Slope,40.79383,-73.94483,Private room,131.45,1,24,2023-06-15,1.57,8,283
185,Listing 185,2708,Host47,Queens,Astoria,40.84799,-74.00427,Entire home/apt,133.65,3,14,2023-06-15,0.39,6,16
186,Listing 186,6867,Host308,Bronx,Riverdale,40.84542,-73.84394,Shared room,50.21,1,17,2023-06-15,1.72,9,241
187,Listing 187,7142,Host239,Brooklyn,Williamsburg,40.72941,-73.71538,Shared room,106.26,1,19,2023-06-15,2.68,3,62
188,Listing 188,8661,Host189,Queens,Long Island City,40.87055,-74.04331,Entire home/apt,110.02,2,23,2023-06-15,1.42,5,203
189,Listing 189,2088,Host292,Queens,Long Island City,40.83366,-73.79083,Entire home/apt,102.08,1,22,2023-06-15,2.24,2,190
190,Listing 190,8427,Host414,Manhattan,Harlem,40.5098,-73.94285,Private room,169.26,2,22,2023-06-15,1.44,3,122
191,Listing 191,8823,Host358,Queens,Flushing,40.52009,-74.02448,Entire home/apt,181.7,2,17,2023-06-15,0.4,8,214
192,Listing 192,4701,Host221,Bronx,Riverdale,40.7333,-73.75522,Entire home/apt,91.12,2,16,2023-06-15,0.29,3,312
193,Listing 193,8651,Host456,Queens,Long Island City,40.72186,-73.82702,Private room,20.0,2,19,2023-06-15,0.43,6,29
194,Listing 194,7919,Host466,Brooklyn,Williamsburg,40.66058,-73.99448,Private room,104.85,5,17,2023-06-15,0.13,1,348
195,Listing 195,7056,Host390,Manhattan,Upper West Side,40.59873,-73.79068,Private room,142.59,1,13,2023-06-15,0.38,2,99
196,Listing 196,3224,Host198,Bronx,Fordham,40.65093,-73.71257,Entire home/apt,127.06,1,23,2023-06-15,0.59,9,119
197,Listing 197,4607,Host364,Brooklyn,Park Slope,40.55184,-73.81336,Entire home/apt,207.62,7,17,2023-06-15,1.21,5,297
198,Listing 198,3587,Host41,Manhattan,Chelsea,40.69039,-74.01116,Shared room,130.45,2,24,2023-06-15,2.35,2,228
199,Listing 199,4893,Host440,Queens,Long Island City,40.75909,-73.77132,Private room,108.6,3,28,2023-06-15,1.6,6,148
200,Listing 200,9547,Host21,Brooklyn,Bushwick,40.61496,-73.92127,Entire home/apt,155.99,1,13,2023-06-15,0.37,5,73
201,Listing 201,5493,Host138,Manhattan,Harlem,40.51257,-73.79233,Private room,155.13,1,27,2023-06-15,1.55,9,227
202,Listing 202,4923,Host119,Manhattan,Chelsea,40.8096,-73.77948,Private room,167.52,2,35,2023-06-15,0.02,9,161
203,Listing 203,5025,Host7,Manhattan,SoHo,40.63924,-73.91989,Entire home/apt,273.23,1,17,2023-06-15,4.39,3,159
204,Listing 204,9835,Host104,Queens,Astoria,40.52628,-73.97012,Private room,41.56,1,20,2023-06-15,0.77,4,89
205,Listing 205,7683,Host278,Staten Island,St. George,40.64627,-73.97112,Private room,60.84,1,14,2023-06-15,1.82,3,266
206,Listing 206,6102,Host351,Staten Island,Tottenville,40.76965,-73.95903,Private room,69.23,1,28,2023-06-15,0.76,9,173
207,Listing 207,3295,Host54,Manhattan,Harlem,40.66626,-73.94433,Private room,72.16,3,18,2023-06-15,3.93,6,293
208,Listing 208,2932,Host223,Bronx,Riverdale,40.51756,-73.99199,Entire home/apt,90.37,2,16,2023-06-15,2.23,2,10
209,Listing 209,6258,Host357,Manhattan,Upper West Side,40.6748,-73.84225,Shared room,82.92,1,31,2023-06-15,4.54,7,7
210,Listing 210,7976,Host427,Manhattan,Upper West Side,40.76664,-73.99306,Private room,148.27,2,24,2023-06-15,0.01,4,100
211,Listing 211,5967,Host322,Manhattan,Upper West Side,40.70587,-73.7671,Entire home/apt,183.98,1,16,2023-06-15,2.7,4,264
212,Listing 212,3176,Host160,Manhattan,SoHo,40.70509,-73.88146,Private room,159.18,2,13,2023-06-15,0.07,7,90
213,Listing 213,4162,Host82,Manhattan,Harlem,40.76265,-73.96586,Private room,151.26,1,28,2023-06-15,0.85,9,104
214,Listing 214,2772,Host425,Manhattan,Harlem,40.88018,-73.84643,Entire home/apt,170.82,2,21,2023-06-15,1.71,3,108
215,Listing 215,5557,Host132,Manhattan,SoHo,40.82926,-73.73889,Private room,122.36,2,16,2023-06-15,0.42,7,45
216,Listing 216,1270,Host483,Manhattan,Harlem,40.70277,-73.90671,Entire home/apt,278.13,5,25,2023-06-15,1.42,8,23
217,Listing 217,7771,Host279,Brooklyn,Park Slope,40.8724,-73.91286,Entire home/apt,144.82,2,20,2023-06-15,0.08,6,356
218,Listing 218,4156,Host317,Brooklyn,Bedford-Stuyvesant,40.67499,-73.74104,Entire home/apt,167.05,1,15,2023-06-15,1.58,4,238
219,Listing 219,7680,Host112,Brooklyn,Williamsburg,40.82671,-73.98644,Entire home/apt,126.51,1,18,2023-06-15,1.3,7,286
220,Listing 220,9712,Host465,Queens,Long Island City,40.88089,-74.03515,Entire home/apt,75.57,1,21,2023-06-15,1.5,5,356
221,Listing 221,4854,Host96,Manhattan,Harlem,40.53929,-73.76877,Private room,86.77,1,14,2023-06-15,0.51,2,250
222,Listing 222,5357,Host340,Manhattan,Harlem,40.89141,-73.75021,Entire home/apt,226.76,3,23,2023-06-15,3.53,1,336
223,Listing 223,9560,Host339,Manhattan,SoHo,40.81287,-74.00647,Entire home/apt,265.77,3,21,2023-06-15,0.12,8,314
224,Listing 224,9112,Host168,Brooklyn,Bushwick,40.52067,-73.87332,Entire home/apt,160.19,3,26,2023-06-15,1.93,3,146
225,Listing 225,4093,Host371,Manhattan,SoHo,40.70061,-74.02519,Private room,158.2,1,16,2023-06-15,0.25,5,330
226,Listing 226,4168,Host5,Manhattan,Upper West Side,40.79308,-73.90842,Private room,175.44,1,24,2023-06-15,0.68,3,213
227,Listing 227,4765,Host391,Manhattan,Chelsea,40.75291,-73.98035,Entire home/apt,240.59,2,23,2023-06-15,0.39,2,318
228,Listing 228,6693,Host157,Brooklyn,Williamsburg,40.89084,-74.01391,Entire home/apt,167.38,2,15,2023-06-15,0.27,1,203
229,Listing 229,6755,Host280,Manhattan,SoHo,40.7627,-73.71101,Entire home/apt,164.1,2,12,2023-06-15,3.63,9,147
230,Listing 230,3849,Host406,Brooklyn,Bedford-Stuyvesant,40.88601,-73.96219,Entire home/apt,163.88,3,23,2023-06-15,0.45,4,58
231,Listing 231,5757,Host435,Brooklyn,Williamsburg,40.8532,-73.97908,Entire home/apt,163.64,2,23,2023-06-15,0.63,1,300
232,Listing 232,1082,Host385,Brooklyn,Williamsburg,40.58819,-73.796,Entire home/apt,128.72,2,23,2023-06-15,1.31,2,282
233,Listing 233,3426,Host73,Brooklyn,Park Slope,40.67535,-73.70131,Private room,107.94,1,21,2023-06-15,1.45,8,38
234,Listing 234,6166,Host63,Manhattan,SoHo,40.64239,-74.04447,Entire home/apt,245.89,1,27,2023-06-15,0.66,1,330
235,Listing 235,5370,Host164,Brooklyn,Bushwick,40.87308,-73.85951,Shared room,74.82,1,22,2023-06-15,1.61,8,178
236,Listing 236,8786,Host345,Queens,Astoria,40.63344,-73.74718,Private room,89.35,7,26,2023-06-15,1.86,2,57
237,Listing 237,6738,Host37,Manhattan,Upper West Side,40.81359,-73.90321,Private room,265.42,2,24,2023-06-15,0.27,6,255
238,Listing 238,9003,Host476,Brooklyn,Park Slope,40.54216,-73.78245,Entire home/apt,166.88,2,22,2023-06-15,0.21,5,201
239,Listing 239,1802,Host452,Bronx,Riverdale,40.61567,-73.94157,Private room,75.32,1,20,2023-06-15,0.53,4,343
240,Listing 240,9758,Host352,Queens,Long Island City,40.81454,-73.82872,Entire home/apt,162.23,1,17,2023-06-15,0.46,9,5
241,Listing 241,1086,Host465,Brooklyn,Park Slope,40.63791,-73.88835,Entire home/apt,226.9,2,19,2023-06-15,1.54,4,111
242,Listing 242,1596,Host450,Manhattan,Harlem,40.71276,-73.7737,Private room,139.25,1,20,2023-06-15,0.64,3,121
243,Listing 243,8178,Host206,Manhattan,Upper West Side,40.56677,-73.96469,Private room,124.81,1,18,2023-06-15,1.02,9,174
244,Listing 244,7318,Host490,Queens,Astoria,40.56868,-73.87496,Entire home/apt,110.0,2,26,2023-06-15,0.91,1,244
245,Listing 245,6388,Host325,Manhattan,Harlem,40.80592,-73.81239,Entire home/apt,234.41,3,21,2023-06-15,1.34,3,206
246,Listing 246,4893,Host156,Queens,Long Island City,40.77891,-73.78658,Private room,87.16,2,26,2023-06-15,0.16,6,232
247,Listing 247,5637,Host57,Brooklyn,Williamsburg,40.82142,-73.73438,Entire home/apt,137.0,1,18,2023-06-15,4.13,4,312
248,Listing 248,3604,Host335,Staten Island,Tottenville,40.59262,-73.72011,Entire home/apt,101.46,1,19,2023-06-15,1.57,8,58
249,Listing 249,7239,Host347,Brooklyn,Bedford-Stuyvesant,40.65169,-73.75902,Entire home/apt,204.88,5,18,2023-06-15,0.12,8,206
250,Listing 250,1249,Host314,Manhattan,Upper West Side,40.81278,-73.78689,Private room,186.0,5,20,2023-06-15,1.33,7,91
251,Listing 251,1990,Host387,Manhattan,Upper West Side,40.67327,-73.77899,Entire home/apt,214.46,5,20,2023-06-15,0.44,6,15
252,Listing 252,8404,Host443,Manhattan,SoHo,40.84461,-73.74598,Entire home/apt,206.42,3,23,2023-06-15,1.05,2,345
253,Listing 253,5334,Host195,Brooklyn,Bushwick,40.87563,-73.82727,Private room,134.56,1,17,2023-06-15,1.42,4,277
254,Listing 254,8647,Host279,Manhattan,Harlem,40.89332,-73.77465,Private room,91.06,3,23,2023-06-15,0.29,5,62
255,Listing 255,4191,Host302,Manhattan,Harlem,40.76674,-73.93694,Private room,148.99,5,26,2023-06-15,2.77,8,76
256,Listing 256,2205,Host381,Queens,Flushing,40.5269,-74.01678,Private room,20.0,30,18,2023-06-15,1.97,3,364
257,Listing 257,3964,Host499,Brooklyn,Park Slope,40.6624,-74.04521,Entire home/apt,128.33,1,17,2023-06-15,0.02,8,113
258,Listing 258,4839,Host235,Brooklyn,Bedford-Stuyvesant,40.50214,-73.72156,Entire home/apt,159.24,2,19,2023-06-15,0.09,3,170
259,Listing 259,7039,Host139,Brooklyn,Williamsburg,40.87166,-73.93033,Entire home/apt,188.99,2,24,2023-06-15,1.08,2,154
260,Listing 260,4716,Host343,Brooklyn,Bushwick,40.77635,-73.806,Entire home/apt,113.03,2,17,2023-06-15,1.21,4,192
261,Listing 261,5749,Host434,Manhattan,Upper West Side,40.50766,-73.77731,Entire home/apt,181.17,2,20,2023-06-15,0.62,2,292
262,Listing 262,9135,Host364,Queens,Flushing,40.64197,-74.0318,Private room,160.7,1,19,2023-06-15,1.12,4,143
263,Listing 263,7231,Host256,Brooklyn,Park Slope,40.82106,-73.70097,Entire home/apt,194.18,1,27,2023-06-15,4.35,8,206
264,Listing 264,6750,Host268,Queens,Flushing,40.82679,-73.75161,Entire home/apt,91.33,7,12,2023-06-15,0.09,2,250
265,Listing 265,4155,Host387,Brooklyn,Bushwick,40.89412,-73.99189,Private room,93.04,1,16,2023-06-15,0.3,8,59
266,Listing 266,2036,Host480,Queens,Astoria,40.89015,-73.99046,Entire home/apt,92.66,5,24,2023-06-15,5.19,8,277
267,Listing 267,2289,Host424,Brooklyn,Park Slope,40.62145,-73.94091,Private room,54.73,1,19,2023-06-15,0.4,2,264
268,Listing 268,6067,Host424,Manhattan,Harlem,40.76568,-73.98026,Private room,149.57,1,14,2023-06-15,1.74,8,147
269,Listing 269,4109,Host211,Manhattan,Harlem,40.76323,-74.00905,Entire home/apt,231.9,3,14,2023-06-15,0.65,8,364
270,Listing 270,2881,Host270,Bronx,Fordham,40.7579,-73.96956,Entire home/apt,159.16,2,18,2023-06-15,0.18,6,119
271,Listing 271,1719,Host406,Manhattan,Chelsea,40.74154,-73.84819,Private room,32.04,2,18,2023-06-15,0.35,3,255
272,Listing 272,1348,Host255,Manhattan,Harlem,40.63506,-73.70402,Private room,124.82,1,16,2023-06-15,0.89,6,12
273,Listing 273,3979,Host481,Brooklyn,Bushwick,40.72173,-73.98017,Private room,151.66,1,29,2023-06-15,3.1,7,228
274,Listing 274,1886,Host2,Brooklyn,Williamsburg,40.80417,-73.87048,Private room,125.06,3,29,2023-06-15,1.48,2,268
275,Listing 275,7771,Host143,Brooklyn,Bushwick,40.86424,-73.87155,Entire home/apt,174.65,2,10,2023-06-15,0.96,4,136
276,Listing 276,4791,Host265,Queens,Astoria,40.6344,-73.88701,Private room,20.0,3,27,2023-06-15,3.07,1,106
277,Listing 277,2504,Host416,Queens,Flushing,40.72258,-73.75023,Entire home/apt,200.0,5,28,2023-06-15,0.46,3,309
278,Listing 278,7999,Host305,Manhattan,Harlem,40.63288,-73.94718,Entire home/apt,268.57,1,22,2023-06-15,1.27,8,27
279,Listing 279,7320,Host299,Queens,Long Island City,40.63591,-73.89053,Private room,20.0,3,21,2023-06-15,0.69,3,185
280,Listing 280,5891,Host385,Manhattan,Chelsea,40.5356,-73.70291,Entire home/apt,237.71,2,19,2023-06-15,0.22,8,75
281,Listing 281,2273,Host408,Manhattan,SoHo,40.68838,-73.81833,Shared room,84.41,3,24,2023-06-15,2.82,5,194
282,Listing 282,7305,Host471,Queens,Astoria,40.85383,-73.73655,Entire home/apt,20.0,7,17,2023-06-15,0.38,9,65
283,Listing 283,7589,Host481,Manhattan,Chelsea,40.54677,-73.81125,Private room,144.06,7,14,2023-06-15,1.2,8,69
284,Listing 284,9662,Host452,Bronx,Riverdale,40.73257,-74.01295,Entire home/apt,101.2,5,20,2023-06-15,0.63,9,179
285,Listing 285,2716,Host311,Manhattan,SoHo,40.64462,-74.01774,Entire home/apt,224.35,2,24,2023-06-15,1.15,7,89
286,Listing 286,8036,Host438,Queens,Long Island City,40.66942,-73.77225,Private room,77.99,1,24,2023-06-15,0.19,4,344
287,Listing 287,7837,Host426,Brooklyn,Park Slope,40.82942,-73.76276,Entire home/apt,170.2,2,18,2023-06-15,1.97,1,89
288,Listing 288,1589,Host429,Manhattan,Chelsea,40.83636,-73.97257,Entire home/apt,241.88,1,24,2023-06-15,0.58,1,244
289,Listing 289,8384,Host418,Manhattan,Upper West Side,40.51306,-73.88354,Entire home/apt,241.62,2,15,2023-06-15,4.25,1,248
290,Listing 290,8566,Host19,Brooklyn,Williamsburg,40.80943,-74.03459,Entire home/apt,186.97,3,22,2023-06-15,1.37,8,316
291,Listing 291,2956,Host368,Brooklyn,Park Slope,40.58678,-73.9492,Entire home/apt,157.46,2,15,2023-06-15,0.88,2,286
292,Listing 292,4558,Host45,Manhattan,Upper West Side,40.8346,-74.03242,Entire home/apt,202.65,2,18,2023-06-15,0.4,6,145
293,Listing 293,7316,Host151,Manhattan,Harlem,40.83317,-73.8609,Entire home/apt,265.01,5,19,2023-06-15,2.96,2,270
294,Listing 294,3671,Host376,Brooklyn,Bedford-Stuyvesant,40.51571,-73.9548,Entire home/apt,191.12,1,19,2023-06-15,0.51,6,290
295,Listing 295,6634,Host393,Bronx,Riverdale,40.74141,-73.81917,Entire home/apt,57.65,3,15,2023-06-15,0.3,4,255
296,Listing 296,8415,Host368,Bronx,Fordham,40.6769,-73.77098,Entire home/apt,178.29,3,23,2023-06-15,1.96,9,333
297,Listing 297,6695,Host258,Manhattan,Upper West Side,40.87059,-73.90313,Entire home/apt,219.05,1,18,2023-06-15,1.05,6,363
298,Listing 298,1075,Host188,Manhattan,SoHo,40.65907,-73.70917,Entire home/apt,213.71,2,17,2023-06-15,0.38,7,190
299,Listing 299,1016,Host63,Manhattan,Chelsea,40.58973,-73.97087,Entire home/apt,226.65,5,28,2023-06-15,0.72,5,150
300,Listing 300,8347,Host124,Manhattan,Chelsea,40.80363,-73.79536,Private room,101.61,2,23,2023-06-15,0.29,5,63
301,Listing 301,4969,Host406,Manhattan,SoHo,40.55023,-73.99005,Entire home/apt,215.64,5,21,2023-06-15,1.95,6,220
302,Listing 302,1931,Host329,Manhattan,Upper West Side,40.592,-73.90604,Private room,107.22,1,22,2023-06-15,1.34,4,49
303,Listing 303,2859,Host477,Manhattan,Upper West Side,40.8959,-74.03949,Private room,101.59,2,20,2023-06-15,0.22,3,340
304,Listing 304,1287,Host322,Queens,Long Island City,40.67374,-73.89375,Shared room,45.56,2,22,2023-06-15,1.24,7,244
305,Listing 305,9497,Host396,Brooklyn,Bedford-Stuyvesant,40.51606,-73.73853,Private room,156.28,30,17,2023-06-15,1.74,2,105
306,Listing 306,8498,Host493,Queens,Long Island City,40.55403,-73.99688,Entire home/apt,135.32,5,29,2023-06-15,0.01,6,29
307,Listing 307,6856,Host333,Manhattan,Upper West Side,40.76446,-73.82172,Private room,164.16,1,22,2023-06-15,0.16,2,362
308,Listing 308,6593,Host89,Manhattan,Upper West Side,40.87154,-73.93381,Entire home/apt,192.51,2,17,2023-06-15,1.2,1,123
309,Listing 309,8452,Host15,Brooklyn,Bushwick,40.85615,-73.84809,Entire home/apt,177.76,2,20,2023-06-15,0.11,2,215
310,Listing 310,7135,Host454,Manhattan,Upper West Side,40.78589,-73.94733,Private room,138.09,2,24,2023-06-15,1.37,2,293
311,Listing 311,3014,Host206,Manhattan,Upper West Side,40.79151,-73.93676,Private room,102.91,3,21,2023-06-15,0.17,1,168
312,Listing 312,4866,Host372,Brooklyn,Bedford-Stuyvesant,40.75796,-73.94911,Private room,82.48,1,26,2023-06-15,0.47,3,109
313,Listing 313,8774,Host278,Manhattan,SoHo,40.76651,-73.70391,Private room,139.92,1,18,2023-06-15,0.18,7,53
314,Listing 314,3575,Host99,Brooklyn,Williamsburg,40.85653,-73.88767,Entire home/apt,205.97,1,20,2023-06-15,0.81,4,325
315,Listing 315,6594,Host364,Brooklyn,Bedford-Stuyvesant,40.77737,-73.80479,Entire home/apt,132.32,3,26,2023-06-15,1.57,9,85
316,Listing 316,6162,Host211,Manhattan,SoHo,40.59041,-73.85713,Private room,148.06,2,17,2023-06-15,0.39,9,19
317,Listing 317,2802,Host154,Brooklyn,Bedford-Stuyvesant,40.61827,-73.72361,Entire home/apt,216.22,2,17,2023-06-15,1.1,1,219
318,Listing 318,2966,Host376,Queens,Long Island City,40.52986,-73.73229,Entire home/apt,214.64,30,23,2023-06-15,0.49,3,116
319,Listing 319,6599,Host305,Brooklyn,Williamsburg,40.77044,-73.94247,Entire home/apt,127.95,1,21,2023-06-15,0.46,9,25
320,Listing 320,3381,Host35,Queens,Astoria,40.76324,-73.70079,Entire home/apt,172.7,2,18,2023-06-15,0.15,8,216
321,Listing 321,9697,Host422,Brooklyn,Bushwick,40.68215,-73.90476,Private room,65.07,3,14,2023-06-15,0.24,9,305
322,Listing 322,6867,Host437,Brooklyn,Bedford-Stuyvesant,40.77025,-74.03667,Entire home/apt,257.73,2,23,2023-06-15,0.05,2,188
323,Listing 323,6930,Host283,Brooklyn,Williamsburg,40.73711,-73.99807,Entire home/apt,179.9,1,26,2023-06-15,2.45,4,16
324,Listing 324,4715,Host30,Brooklyn,Bushwick,40.53207,-73.88311,Private room,23.11,2,34,2023-06-15,1.54,8,151
325,Listing 325,4494,Host393,Brooklyn,Williamsburg,40.84955,-74.04548,Entire home/apt,190.14,1,21,2023-06-15,1.13,7,171
326,Listing 326,1421,Host421,Manhattan,SoHo,40.86222,-73.75762,Entire home/apt,285.26,1,19,2023-06-15,0.37,2,92
327,Listing 327,6882,Host144,Manhattan,Chelsea,40.84652,-73.99238,Private room,184.65,2,17,2023-06-15,0.94,7,122
328,Listing 328,9220,Host463,Manhattan,SoHo,40.7392,-73.91521,Private room,157.95,5,17,2023-06-15,0.77,3,84
329,Listing 329,4899,Host334,Manhattan,Upper West Side,40.88392,-74.03296,Private room,175.54,1,9,2023-06-15,0.94,5,0
330,Listing 330,3999,Host369,Manhattan,Upper West Side,40.53088,-73.99054,Private room,142.08,1,14,2023-06-15,0.34,9,278
331,Listing 331,2342,Host441,Staten Island,St. George,40.52217,-73.9341,Private room,49.5,3,19,2023-06-15,1.04,4,301
332,Listing 332,6911,Host432,Staten Island,Tottenville,40.5459,-73.87836,Shared room,20.0,1,16,2023-06-15,0.14,2,110
333,Listing 333,5658,Host427,Manhattan,SoHo,40.89129,-73.98669,Private room,182.76,3,18,2023-06-15,0.65,1,27
334,Listing 334,8204,Host410,Queens,Astoria,40.85606,-73.8217,Entire home/apt,78.85,2,22,2023-06-15,1.01,6,15
335,Listing 335,6014,Host352,Brooklyn,Park Slope,40.64312,-73.84218,Entire home/apt,145.73,2,15,2023-06-15,0.97,2,87
336,Listing 336,6254,Host50,Brooklyn,Bedford-Stuyvesant,40.51733,-73.80523,Entire home/apt,122.04,1,23,2023-06-15,0.26,8,111
337,Listing 337,9219,Host425,Manhattan,Harlem,40.5731,-73.93833,Entire home/apt,212.74,2,27,2023-06-15,0.11,2,167
338,Listing 338,6650,Host146,Manhattan,Harlem,40.78577,-73.92342,Entire home/apt,171.29,1,16,2023-06-15,0.39,1,125
339,Listing 339,8192,Host16,Brooklyn,Williamsburg,40.6183,-73.96049,Entire home/apt,216.07,1,15,2023-06-15,1.88,2,33
340,Listing 340,6753,Host70,Brooklyn,Williamsburg,40.74617,-74.02145,Private room,116.88,1,15,2023-06-15,0.29,8,243
341,Listing 341,7297,Host388,Manhattan,SoHo,40.6064,-73.93353,Entire home/apt,287.48,2,23,2023-06-15,1.98,2,92
342,Listing 342,6214,Host105,Bronx,Riverdale,40.8519,-74.03277,Private room,99.8,1,27,2023-06-15,0.3,4,140
343,Listing 343,1571,Host279,Brooklyn,Bushwick,40.74815,-73.76869,Private room,98.11,1,18,2023-06-15,2.61,9,286
344,Listing 344,5588,Host130,Staten Island,Tottenville,40.88608,-73.90014,Entire home/apt,80.87,2,23,2023-06-15,0.19,6,339
345,Listing 345,4389,Host144,Brooklyn,Park Slope,40.82483,-73.76118,Entire home/apt,169.43,3,18,2023-06-15,0.19,3,357
346,Listing 346,2167,Host111,Brooklyn,Bushwick,40.60697,-73.76566,Entire home/apt,160.03,1,21,2023-06-15,0.95,7,154
347,Listing 347,8037,Host482,Queens,Astoria,40.52547,-73.98801,Private room,55.48,1,19,2023-06-15,1.38,7,221
348,Listing 348,4797,Host59,Bronx,Fordham,40.8213,-73.7047,Private room,46.43,2,12,2023-06-15,1.18,3,245
349,Listing 349,5267,Host87,Manhattan,SoHo,40.56731,-73.75725,Private room,182.67,2,15,2023-06-15,0.86,1,226
350,Listing 350,6565,Host99,Queens,Long Island City,40.83554,-73.81515,Private room,67.9,3,18,2023-06-15,1.55,7,337
351,Listing 351,5657,Host292,Brooklyn,Bushwick,40.59323,-73.80668,Entire home/apt,160.85,2,26,2023-06-15,4.56,4,240
352,Listing 352,8265,Host82,Manhattan,Chelsea,40.67627,-73.74203,Entire home/apt,210.71,2,20,2023-06-15,4.87,6,208
353,Listing 353,2045,Host291,Brooklyn,Williamsburg,40.85802,-73.75137,Private room,31.98,3,14,2023-06-15,0.06,4,84
354,Listing 354,7468,Host69,Brooklyn,Bushwick,40.86828,-73.92924,Private room,26.04,1,16,2023-06-15,0.3,9,362
355,Listing 355,3925,Host97,Bronx,Riverdale,40.78961,-73.72492,Entire home/apt,113.06,2,14,2023-06-15,0.51,1,283
356,Listing 356,3365,Host464,Manhattan,SoHo,40.59305,-73.78741,Entire home/apt,262.11,1,22,2023-06-15,0.72,1,228
357,Listing 357,7391,Host146,Brooklyn,Williamsburg,40.89476,-73.7859,Entire home/apt,180.09,1,26,2023-06-15,1.47,9,250
358,Listing 358,4199,Host20,Manhattan,Chelsea,40.83101,-74.04979,Entire home/apt,233.11,1,16,2023-06-15,0.08,3,318
359,Listing 359,3173,Host413,Manhattan,Upper West Side,40.79496,-73.86204,Entire home/apt,270.8,5,18,2023-06-15,6.1,6,206
360,Listing 360,2910,Host403,Queens,Flushing,40.63051,-74.04273,Private room,59.2,3,14,2023-06-15,0.78,5,15
361,Listing 361,1585,Host192,Manhattan,Harlem,40.86368,-73.76313,Entire home/apt,221.12,5,16,2023-06-15,0.41,4,205
362,Listing 362,1001,Host10,Brooklyn,Park Slope,40.57771,-73.89348,Private room,87.86,5,22,2023-06-15,1.31,5,57
363,Listing 363,1026,Host282,Manhattan,Chelsea,40.79388,-73.80514,Entire home/apt,206.83,5,14,2023-06-15,0.84,1,335
364,Listing 364,9092,Host154,Staten Island,St. George,40.80719,-73.83,Entire home/apt,71.03,2,19,2023-06-15,1.64,2,42
365,Listing 365,4081,Host71,Manhattan,Harlem,40.82992,-73.80892,Private room,156.58,2,16,2023-06-15,4.12,3,203
366,Listing 366,1666,Host284,Brooklyn,Williamsburg,40.58164,-73.88584,Entire home/apt,177.68,5,15,2023-06-15,2.58,9,214
367,Listing 367,3223,Host427,Brooklyn,Bedford-Stuyvesant,40.53483,-73.97925,Private room,82.88,2,16,2023-06-15,0.32,9,129
368,Listing 368,4720,Host324,Manhattan,Upper West Side,40.87042,-73.99341,Entire home/apt,227.95,7,16,2023-06-15,0.95,7,151
369,Listing 369,4504,Host157,Manhattan,Harlem,40.63553,-73.71678,Entire home/apt,190.11,3,21,2023-06-15,0.06,5,246
370,Listing 370,1153,Host174,Brooklyn,Bedford-Stuyvesant,40.88462,-73.8943,Entire home/apt,109.92,2,18,2023-06-15,1.01,1,75
371,Listing 371,4783,Host308,Queens,Long Island City,40.81651,-73.83952,Private room,91.51,1,21,2023-06-15,1.64,1,48
372,Listing 372,8367,Host157,Manhattan,Chelsea,40.68568,-73.83328,Private room,153.03,2,22,2023-06-15,0.14,7,160
373,Listing 373,3506,Host2,Brooklyn,Williamsburg,40.67084,-73.88371,Entire home/apt,172.08,5,20,2023-06-15,0.35,2,235
374,Listing 374,2601,Host234,Manhattan,Upper West Side,40.89091,-73.96518,Entire home/apt,195.31,3,25,2023-06-15,0.2,3,182
375,Listing 375,2532,Host238,Brooklyn,Bushwick,40.52738,-73.73591,Private room,28.52,1,18,2023-06-15,1.09,3,70
376,Listing 376,8322,Host53,Brooklyn,Park Slope,40.53525,-73.77812,Entire home/apt,139.43,5,15,2023-06-15,0.22,7,180
377,Listing 377,2172,Host377,Brooklyn,Park Slope,40.7239,-73.74972,Entire home/apt,175.21,3,19,2023-06-15,1.52,6,363
378,Listing 378,2936,Host145,Manhattan,Chelsea,40.81676,-73.76595,Entire home/apt,160.62,2,11,2023-06-15,1.47,5,213
379,Listing 379,1865,Host262,Queens,Flushing,40.57681,-73.81666,Private room,74.33,2,21,2023-06-15,0.9,5,227
380,Listing 380,7947,Host477,Manhattan,Upper West Side,40.65422,-73.87266,Entire home/apt,238.96,5,23,2023-06-15,0.18,7,19
381,Listing 381,8868,Host44,Bronx,Fordham,40.6264,-73.75173,Entire home/apt,121.62,1,11,2023-06-15,1.34,5,247
382,Listing 382,3007,Host289,Manhattan,Harlem,40.67166,-74.02379,Entire home/apt,254.45,1,25,2023-06-15,0.26,9,179
383,Listing 383,8072,Host229,Manhattan,Chelsea,40.51597,-73.89282,Private room,182.1,2,21,2023-06-15,0.45,5,342
384,Listing 384,4235,Host161,Queens,Long Island City,40.74032,-73.8047,Private room,62.75,1,22,2023-06-15,0.79,7,250
385,Listing 385,5152,Host112,Manhattan,Harlem,40.74415,-73.85876,Entire home/apt,195.99,1,18,2023-06-15,0.98,2,107
386,Listing 386,6092,Host391,Staten Island,St. George,40.87303,-73.84852,Private room,52.05,1,21,2023-06-15,0.63,5,4
387,Listing 387,6481,Host248,Manhattan,Upper West Side,40.86353,-73.78386,Private room,119.15,3,17,2023-06-15,1.69,1,10
388,Listing 388,6972,Host496,Brooklyn,Williamsburg,40.60101,-73.89501,Entire home/apt,138.3,5,17,2023-06-15,0.58,1,219
389,Listing 389,9388,Host482,Brooklyn,Williamsburg,40.87416,-73.787,Private room,143.08,7,22,2023-06-15,3.34,4,180
390,Listing 390,4172,Host256,Manhattan,Upper West Side,40.89901,-74.03864,Private room,119.51,1,17,2023-06-15,0.33,6,3
391,Listing 391,5196,Host451,Bronx,Riverdale,40.75615,-73.75232,Private room,49.99,3,20,2023-06-15,0.38,4,348
392,Listing 392,4407,Host76,Brooklyn,Williamsburg,40.59215,-73.94876,Entire home/apt,178.72,1,22,2023-06-15,3.69,8,173
393,Listing 393,9624,Host59,Queens,Long Island City,40.66429,-73.87338,Entire home/apt,167.68,1,23,2023-06-15,0.05,8,47
394,Listing 394,5784,Host380,Brooklyn,Bushwick,40.64389,-73.86235,Private room,73.43,3,19,2023-06-15,0.42,4,194
395,Listing 395,8865,Host343,Brooklyn,Bushwick,40.56338,-74.02823,Private room,122.51,5,17,2023-06-15,0.84,5,332
396,Listing 396,5157,Host420,Brooklyn,Williamsburg,40.61914,-73.77698,Entire home/apt,184.17,2,16,2023-06-15,0.49,2,193
397,Listing 397,7537,Host10,Manhattan,Chelsea,40.78387,-73.7057,Entire home/apt,218.52,1,13,2023-06-15,0.4,5,29
398,Listing 398,4129,Host185,Manhattan,Harlem,40.57552,-73.90496,Entire home/apt,228.09,7,19,2023-06-15,0.99,8,96
399,Listing 399,1261,Host313,Brooklyn,Park Slope,40.85757,-73.93246,Entire home/apt,73.52,2,20,2023-06-15,0.39,5,119
400,Listing 400,6724,Host19,Brooklyn,Park Slope,40.66199,-73.70042,Entire home/apt,149.16,1,21,2023-06-15,0.2,6,54
401,Listing 401,6616,Host87,Manhattan,Upper West Side,40.81767,-73.83117,Entire home/apt,227.61,7,22,2023-06-15,1.13,4,328
402,Listing 402,6585,Host373,Manhattan,SoHo,40.88234,-73.96715,Entire home/apt,251.2,5,13,2023-06-15,0.17,4,215
403,Listing 403,6176,Host211,Manhattan,Upper West Side,40.74454,-73.92016,Entire home/apt,240.01,3,15,2023-06-15,0.51,9,270
404,Listing 404,2749,Host283,Manhattan,Upper West Side,40.63683,-73.76651,Private room,212.28,1,16,2023-06-15,0.36,7,341
405,Listing 405,1988,Host82,Brooklyn,Bushwick,40.84719,-73.84591,Entire home/apt,207.88,3,18,2023-06-15,0.73,9,200
406,Listing 406,5689,Host389,Manhattan,SoHo,40.70558,-73.80846,Private room,187.14,5,15,2023-06-15,0.37,4,165
407,Listing 407,7276,Host108,Manhattan,SoHo,40.5769,-73.94169,Entire home/apt,179.66,30,19,2023-06-15,1.03,1,195
408,Listing 408,8419,Host487,Brooklyn,Williamsburg,40.77075,-74.02757,Private room,54.31,2,23,2023-06-15,2.21,6,177
409,Listing 409,6495,Host322,Brooklyn,Bedford-Stuyvesant,40.55026,-73.9486,Entire home/apt,217.26,1,16,2023-06-15,1.46,3,276
410,Listing 410,5354,Host324,Manhattan,Upper West Side,40.59666,-74.02619,Private room,73.91,1,17,2023-06-15,1.8,4,301
411,Listing 411,2872,Host489,Queens,Long Island City,40.89718,-73.7778,Private room,48.97,1,19,2023-06-15,2.38,8,68
412,Listing 412,9684,Host268,Brooklyn,Park Slope,40.71259,-73.88971,Entire home/apt,142.6,1,19,2023-06-15,0.0,8,4
413,Listing 413,8746,Host200,Brooklyn,Bushwick,40.51083,-73.89276,Private room,175.43,1,28,2023-06-15,1.27,2,198
414,Listing 414,9060,Host407,Manhattan,Harlem,40.54249,-73.77844,Private room,176.0,5,24,2023-06-15,1.24,8,164
415,Listing 415,6285,Host374,Queens,Astoria,40.53258,-73.89774,Entire home/apt,102.47,1,21,2023-06-15,1.41,2,86
416,Listing 416,8777,Host156,Manhattan,Chelsea,40.70968,-73.81657,Private room,136.3,1,27,2023-06-15,0.17,4,279
417,Listing 417,3500,Host471,Brooklyn,Bushwick,40.82846,-73.71068,Entire home/apt,152.75,2,20,2023-06-15,3.23,6,124
418,Listing 418,8170,Host64,Manhattan,SoHo,40.74116,-73.82102,Shared room,56.33,30,12,2023-06-15,0.63,6,45
419,Listing 419,3658,Host291,Manhattan,Upper West Side,40.76007,-73.70613,Private room,188.22,7,19,2023-06-15,0.54,2,125
420,Listing 420,3824,Host258,Brooklyn,Bedford-Stuyvesant,40.68545,-73.77551,Private room,150.34,7,17,2023-06-15,3.22,6,176
421,Listing 421,8397,Host255,Staten Island,St. George,40.60726,-73.93952,Entire home/apt,148.99,1,22,2023-06-15,1.09,4,46
422,Listing 422,9001,Host438,Queens,Long Island City,40.79473,-73.87464,Entire home/apt,174.12,2,18,2023-06-15,1.34,6,20
423,Listing 423,1604,Host496,Manhattan,Chelsea,40.73301,-73.81067,Private room,126.5,3,15,2023-06-15,3.54,9,231
424,Listing 424,5773,Host159,Manhattan,Chelsea,40.8278,-73.93564,Entire home/apt,281.16,1,21,2023-06-15,0.03,3,304
425,Listing 425,1282,Host58,Brooklyn,Bedford-Stuyvesant,40.55194,-73.81333,Private room,124.39,5,15,2023-06-15,2.01,6,52
426,Listing 426,3251,Host150,Queens,Flushing,40.79901,-73.7522,Private room,84.04,1,22,2023-06-15,3.8,4,236
427,Listing 427,6611,Host301,Brooklyn,Park Slope,40.86593,-73.9759,Private room,69.48,1,24,2023-06-15,2.91,1,242
428,Listing 428,5065,Host267,Manhattan,Upper West Side,40.83308,-73.87731,Private room,162.26,7,28,2023-06-15,0.0,2,102
429,Listing 429,3096,Host26,Bronx,Riverdale,40.57867,-73.71845,Private room,65.07,1,21,2023-06-15,0.95,5,163
430,Listing 430,7199,Host35,Manhattan,Harlem,40.62149,-74.01744,Entire home/apt,226.5,1,13,2023-06-15,1.91,3,21
431,Listing 431,3113,Host21,Brooklyn,Williamsburg,40.58732,-74.03086,Entire home/apt,222.87,1,13,2023-06-15,0.68,3,72
432,Listing 432,6875,Host176,Brooklyn,Williamsburg,40.76972,-73.70702,Entire home/apt,118.55,30,23,2023-06-15,1.92,3,296
433,Listing 433,9461,Host247,Queens,Astoria,40.53132,-73.8493,Private room,46.78,1,19,2023-06-15,3.66,9,99
434,Listing 434,8281,Host462,Queens,Flushing,40.63981,-73.9395,Private room,20.0,3,22,2023-06-15,0.73,1,171
435,Listing 435,9511,Host102,Queens,Long Island City,40.50677,-73.73165,Private room,136.41,1,16,2023-06-15,1.3,4,292
436,Listing 436,5652,Host137,Manhattan,Chelsea,40.5247,-73.79298,Private room,70.68,2,16,2023-06-15,0.27,9,61
437,Listing 437,2468,Host246,Brooklyn,Bedford-Stuyvesant,40.52265,-74.00787,Entire home/apt,146.34,2,28,2023-06-15,2.22,8,170
438,Listing 438,2790,Host454,Manhattan,Chelsea,40.73289,-73.94504,Private room,168.26,1,22,2023-06-15,0.51,1,297
439,Listing 439,5651,Host278,Queens,Flushing,40.61086,-73.89261,Entire home/apt,111.44,1,15,2023-06-15,2.56,9,114
440,Listing 440,7986,Host207,Queens,Astoria,40.50764,-73.80857,Private room,74.5,7,22,2023-06-15,0.89,2,169
441,Listing 441,9719,Host279,Queens,Astoria,40.65316,-73.98774,Entire home/apt,108.98,1,19,2023-06-15,1.04,5,21
442,Listing 442,6984,Host235,Brooklyn,Bedford-Stuyvesant,40.78046,-74.0305,Private room,121.28,7,23,2023-06-15,0.7,1,133
443,Listing 443,7985,Host273,Queens,Flushing,40.68557,-73.96396,Entire home/apt,186.72,7,18,2023-06-15,0.91,3,277
444,Listing 444,1600,Host141,Queens,Long Island City,40.68348,-73.98643,Entire home/apt,150.64,1,10,2023-06-15,2.3,2,50
445,Listing 445,3544,Host403,Bronx,Fordham,40.54379,-73.71196,Entire home/apt,41.61,1,22,2023-06-15,1.52,5,128
446,Listing 446,6643,Host333,Brooklyn,Park Slope,40.70366,-74.04137,Entire home/apt,207.3,2,16,2023-06-15,6.62,3,142
447,Listing 447,6791,Host64,Brooklyn,Bushwick,40.61978,-73.9559,Private room,65.5,30,26,2023-06-15,4.71,9,303
448,Listing 448,2416,Host294,Manhattan,SoHo,40.80789,-73.76617,Private room,124.19,2,30,2023-06-15,1.77,4,27
449,Listing 449,5326,Host204,Queens,Long Island City,40.58684,-73.86029,Private room,25.48,7,15,2023-06-15,0.57,1,93
450,Listing 450,9222,Host11,Manhattan,SoHo,40.55722,-74.04509,Shared room,55.49,2,28,2023-06-15,2.08,5,179
451,Listing 451,4457,Host121,Brooklyn,Williamsburg,40.80606,-73.88015,Private room,118.89,1,22,2023-06-15,2.47,9,312
452,Listing 452,3017,Host278,Staten Island,Tottenville,40.60649,-74.03903,Private room,100.67,1,16,2023-06-15,2.42,8,211
453,Listing 453,4243,Host137,Brooklyn,Bushwick,40.54076,-74.04443,Entire home/apt,163.89,2,23,2023-06-15,0.38,9,329
454,Listing 454,4161,Host453,Queens,Astoria,40.55084,-73.90036,Entire home/apt,126.71,1,23,2023-06-15,0.13,1,288
455,Listing 455,5700,Host276,Queens,Astoria,40.73376,-73.7711,Entire home/apt,68.5,1,24,2023-06-15,0.07,8,17
456,Listing 456,8799,Host101,Brooklyn,Bedford-Stuyvesant,40.7111,-73.8549,Entire home/apt,115.07,30,24,2023-06-15,1.81,1,79
457,Listing 457,9106,Host228,Brooklyn,Park Slope,40.61124,-73.98545,Entire home/apt,86.99,2,17,2023-06-15,0.1,5,316
458,Listing 458,8734,Host257,Manhattan,Upper West Side,40.87812,-73.72902,Private room,164.57,2,19,2023-06-15,1.38,7,301
459,Listing 459,4513,Host496,Queens,Long Island City,40.54948,-73.84585,Entire home/apt,122.35,3,17,2023-06-15,0.16,5,281
460,Listing 460,6993,Host86,Brooklyn,Park Slope,40.52081,-74.01022,Shared room,20.0,1,24,2023-06-15,0.43,5,164
461,Listing 461,9405,Host306,Queens,Flushing,40.5448,-73.75269,Entire home/apt,162.62,2,23,2023-06-15,1.7,2,117
462,Listing 462,8095,Host412,Brooklyn,Williamsburg,40.77199,-73.97899,Private room,36.97,3,20,2023-06-15,0.02,7,140
463,Listing 463,8111,Host243,Queens,Flushing,40.61174,-73.92071,Entire home/apt,135.96,1,26,2023-06-15,2.57,2,257
464,Listing 464,3269,Host156,Brooklyn,Williamsburg,40.65581,-73.96563,Entire home/apt,113.71,1,18,2023-06-15,0.36,8,228
465,Listing 465,9949,Host24,Manhattan,Chelsea,40.59738,-73.75523,Private room,141.86,1,12,2023-06-15,0.62,2,233
466,Listing 466,4793,Host206,Manhattan,Harlem,40.6609,-74.03207,Private room,150.64,2,14,2023-06-15,0.52,5,304
467,Listing 467,4078,Host127,Manhattan,Upper West Side,40.66257,-73.76672,Entire home/apt,192.9,1,10,2023-06-15,3.75,2,363
468,Listing 468,2220,Host323,Manhattan,SoHo,40.70047,-73.91568,Entire home/apt,219.07,30,15,2023-06-15,0.65,7,262
469,Listing 469,1209,Host41,Brooklyn,Park Slope,40.56671,-73.7709,Entire home/apt,235.55,3,13,2023-06-15,0.23,8,73
470,Listing 470,9475,Host213,Brooklyn,Park Slope,40.76924,-73.70324,Entire home/apt,181.21,5,20,2023-06-15,0.25,2,257
471,Listing 471,4293,Host258,Manhattan,Chelsea,40.87135,-74.02703,Entire home/apt,273.31,2,21,2023-06-15,0.35,1,110
472,Listing 472,4551,Host155,Queens,Long Island City,40.52498,-73.91562,Private room,20.0,2,14,2023-06-15,0.92,2,136
473,Listing 473,9893,Host439,Manhattan,SoHo,40.78086,-73.9199,Shared room,37.92,1,23,2023-06-15,1.2,6,135
474,Listing 474,2569,Host352,Brooklyn,Park Slope,40.74044,-73.75299,Entire home/apt,210.44,5,20,2023-06-15,0.46,1,112
475,Listing 475,5210,Host121,Brooklyn,Williamsburg,40.644,-74.02315,Entire home/apt,179.0,2,19,2023-06-15,0.45,9,176
476,Listing 476,5259,Host39,Manhattan,SoHo,40.6686,-74.01696,Entire home/apt,211.54,1,19,2023-06-15,2.77,8,290
477,Listing 477,4718,Host22,Brooklyn,Park Slope,40.66565,-73.80575,Private room,117.13,1,24,2023-06-15,0.71,9,232
478,Listing 478,9536,Host152,Bronx,Fordham,40.86241,-73.86044,Private room,70.95,2,16,2023-06-15,1.2,8,32
479,Listing 479,7009,Host363,Queens,Astoria,40.5425,-73.98921,Entire home/apt,152.74,3,23,2023-06-15,5.77,7,36
480,Listing 480,2075,Host91,Queens,Flushing,40.7535,-74.00082,Entire home/apt,145.04,2,21,2023-06-15,0.7,1,63
481,Listing 481,3423,Host392,Queens,Astoria,40.62584,-73.87077,Private room,75.46,7,10,2023-06-15,2.33,1,78
482,Listing 482,9593,Host463,Manhattan,Chelsea,40.70205,-73.70407,Private room,147.09,2,11,2023-06-15,0.69,5,209
483,Listing 483,1393,Host184,Manhattan,Harlem,40.69632,-74.02356,Entire home/apt,297.53,2,22,2023-06-15,3.71,6,45
484,Listing 484,3738,Host334,Brooklyn,Bedford-Stuyvesant,40.73811,-73.86128,Private room,123.55,7,20,2023-06-15,0.96,2,241
485,Listing 485,9101,Host212,Staten Island,St. George,40.63892,-73.95717,Entire home/apt,205.3,3,30,2023-06-15,2.0,2,44
486,Listing 486,3224,Host228,Brooklyn,Park Slope,40.79052,-73.97311,Entire home/apt,168.16,2,24,2023-06-15,1.26,4,356
487,Listing 487,7642,Host320,Brooklyn,Bedford-Stuyvesant,40.50402,-73.98181,Entire home/apt,178.87,2,30,2023-06-15,0.66,1,236
488,Listing 488,1292,Host116,Manhattan,Chelsea,40.64873,-74.04096,Entire home/apt,194.19,1,24,2023-06-15,0.1,8,10
489,Listing 489,2558,Host83,Manhattan,SoHo,40.77327,-74.03168,Private room,140.98,3,25,2023-06-15,0.85,2,358
490,Listing 490,1028,Host194,Staten Island,St. George,40.88391,-73.81334,Private room,63.91,7,23,2023-06-15,0.1,8,76
491,Listing 491,1325,Host363,Queens,Astoria,40.85531,-73.88902,Private room,66.28,2,33,2023-06-15,0.82,9,224
492,Listing 492,1091,Host139,Brooklyn,Park Slope,40.63364,-73.86736,Entire home/apt,160.54,2,23,2023-06-15,0.07,4,308
493,Listing 493,2699,Host6,Brooklyn,Williamsburg,40.77881,-73.85396,Entire home/apt,123.05,1,19,2023-06-15,0.01,8,227
494,Listing 494,8951,Host120,Brooklyn,Bushwick,40.60827,-73.92033,Private room,107.74,2,23,2023-06-15,1.33,1,90
495,Listing 495,9002,Host239,Brooklyn,Williamsburg,40.7465,-73.88099,Entire home/apt,159.88,1,27,2023-06-15,1.76,1,295
496,Listing 496,5543,Host203,Brooklyn,Williamsburg,40.70805,-73.88385,Private room,155.05,1,24,2023-06-15,0.11,9,236
497,Listing 497,8292,Host79,Manhattan,Harlem,40.70068,-73.79609,Entire home/apt,200.23,1,19,2023-06-15,0.93,4,203
498,Listing 498,1550,Host455,Manhattan,Upper West Side,40.66481,-74.00156,Private room,160.69,3,20,2023-06-15,0.49,7,252
499,Listing 499,2079,Host319,Manhattan,Upper West Side,40.69901,-73.95792,Private room,155.53,3,19,2023-06-15,0.69,9,87
500,Listing 500,8833,Host327,Brooklyn,Bedford-Stuyvesant,40.62823,-74.00276,Entire home/apt,113.98,1,21,2023-06-15,0.51,4,60
501,Listing 501,1864,Host280,Queens,Long Island City,40.82308,-73.96378,Private room,123.09,1,22,2023-06-15,0.97,6,237
502,Listing 502,2834,Host29,Queens,Long Island City,40.77765,-74.04436,Private room,52.57,1,18,2023-06-15,0.09,3,55
503,Listing 503,1307,Host91,Brooklyn,Bushwick,40.62111,-73.88923,Entire home/apt,231.95,5,28,2023-06-15,1.3,8,44
504,Listing 504,1145,Host204,Manhattan,Harlem,40.55218,-74.0456,Entire home/apt,252.27,1,23,2023-06-15,0.76,1,36
505,Listing 505,9572,Host161,Queens,Flushing,40.84311,-73.88406,Entire home/apt,91.3,1,15,2023-06-15,1.48,2,252
506,Listing 506,2490,Host201,Manhattan,Chelsea,40.72807,-73.74835,Entire home/apt,241.54,2,19,2023-06-15,0.98,9,214
507,Listing 507,4262,Host9,Manhattan,SoHo,40.61474,-73.95184,Shared room,64.17,1,15,2023-06-15,1.89,4,244
508,Listing 508,8764,Host28,Queens,Flushing,40.82267,-74.03255,Entire home/apt,106.57,2,24,2023-06-15,0.02,2,9
509,Listing 509,7331,Host317,Manhattan,Chelsea,40.66001,-73.77758,Entire home/apt,320.52,7,26,2023-06-15,0.63,6,339
510,Listing 510,9974,Host241,Manhattan,Harlem,40.60186,-73.70063,Private room,180.78,1,14,2023-06-15,1.04,3,316
511,Listing 511,7853,Host30,Brooklyn,Park Slope,40.5218,-73.81672,Private room,46.37,5,20,2023-06-15,0.92,9,264
512,Listing 512,4349,Host326,Queens,Flushing,40.59364,-74.02903,Private room,81.6,2,17,2023-06-15,0.59,8,329
513,Listing 513,9490,Host276,Bronx,Riverdale,40.73424,-73.84303,Entire home/apt,103.41,3,23,2023-06-15,0.48,7,67
514,Listing 514,7745,Host111,Brooklyn,Bushwick,40.8726,-73.73206,Entire home/apt,140.31,3,22,2023-06-15,2.88,7,153
515,Listing 515,3070,Host47,Manhattan,Harlem,40.65714,-73.98712,Shared room,83.49,2,31,2023-06-15,0.1,5,181
516,Listing 516,4167,Host438,Manhattan,SoHo,40.80751,-73.95704,Entire home/apt,201.5,3,16,2023-06-15,0.75,6,44
517,Listing 517,6393,Host20,Queens,Long Island City,40.65343,-73.87789,Entire home/apt,160.54,5,24,2023-06-15,0.46,9,252
518,Listing 518,1002,Host451,Manhattan,Upper West Side,40.80611,-73.92531,Private room,131.36,1,24,2023-06-15,2.8,5,138
519,Listing 519,3731,Host424,Bronx,Fordham,40.53955,-73.76574,Entire home/apt,74.39,5,26,2023-06-15,1.28,4,75
520,Listing 520,9297,Host333,Manhattan,Upper West Side,40.70464,-73.99438,Private room,89.95,1,19,2023-06-15,1.01,2,265
521,Listing 521,8251,Host143,Queens,Astoria,40.72653,-73.78285,Private room,86.82,1,20,2023-06-15,0.01,4,15
522,Listing 522,3110,Host446,Brooklyn,Park Slope,40.88239,-73.86403,Private room,130.55,1,30,2023-06-15,0.42,7,205
523,Listing 523,9749,Host64,Bronx,Fordham,40.52427,-73.90533,Private room,20.0,2,19,2023-06-15,2.11,6,87
524,Listing 524,1032,Host328,Manhattan,Chelsea,40.64108,-73.936,Entire home/apt,228.53,2,26,2023-06-15,1.96,6,175
525,Listing 525,9529,Host67,Queens,Astoria,40.7823,-73.76271,Entire home/apt,114.42,1,22,2023-06-15,0.55,3,56
526,Listing 526,3916,Host375,Manhattan,SoHo,40.5965,-73.97712,Entire home/apt,228.33,1,24,2023-06-15,0.26,7,250
527,Listing 527,6310,Host51,Queens,Astoria,40.81706,-73.83867,Private room,101.26,2,18,2023-06-15,1.32,4,147
528,Listing 528,8819,Host190,Brooklyn,Williamsburg,40.60599,-73.89298,Entire home/apt,135.01,2,22,2023-06-15,0.6,9,125
529,Listing 529,9808,Host483,Bronx,Fordham,40.6871,-73.95452,Entire home/apt,88.46,2,26,2023-06-15,0.97,9,206
530,Listing 530,2244,Host152,Brooklyn,Bedford-Stuyvesant,40.68002,-73.93176,Entire home/apt,110.96,1,20,2023-06-15,0.02,5,361
531,Listing 531,2695,Host372,Queens,Long Island City,40.67311,-73.88054,Private room,136.99,2,22,2023-06-15,0.11,9,51
532,Listing 532,2789,Host477,Queens,Astoria,40.51746,-73.96718,Entire home/apt,139.15,5,31,2023-06-15,0.36,7,57
533,Listing 533,6873,Host299,Brooklyn,Bushwick,40.57651,-73.86901,Private room,162.29,7,24,2023-06-15,1.42,7,108
534,Listing 534,5537,Host218,Manhattan,Upper West Side,40.6928,-74.02534,Private room,110.27,1,18,2023-06-15,0.4,8,325
535,Listing 535,2800,Host287,Brooklyn,Park Slope,40.76762,-74.0058,Entire home/apt,193.49,7,14,2023-06-15,0.37,9,162
536,Listing 536,5460,Host469,Brooklyn,Bedford-Stuyvesant,40.74713,-73.78051,Entire home/apt,184.92,1,17,2023-06-15,0.88,6,243
537,Listing 537,5018,Host73,Manhattan,Upper West Side,40.74441,-73.83153,Private room,205.9,1,24,2023-06-15,2.82,3,274
538,Listing 538,7681,Host173,Queens,Flushing,40.89667,-73.78035,Entire home/apt,74.63,1,20,2023-06-15,0.63,4,329
539,Listing 539,9903,Host99,Brooklyn,Park Slope,40.54522,-73.7849,Private room,99.04,3,17,2023-06-15,0.75,6,113
540,Listing 540,6769,Host102,Brooklyn,Park Slope,40.54504,-73.7231,Entire home/apt,73.47,1,16,2023-06-15,0.58,7,22
541,Listing 541,1324,Host313,Manhattan,Upper West Side,40.54047,-74.04603,Private room,124.14,2,21,2023-06-15,0.5,1,348
542,Listing 542,3107,Host249,Queens,Flushing,40.74527,-73.74592,Entire home/apt,131.21,3,19,2023-06-15,2.83,7,355
543,Listing 543,5302,Host282,Brooklyn,Park Slope,40.56765,-73.93714,Private room,96.27,2,22,2023-06-15,0.35,8,110
544,Listing 544,9330,Host459,Staten Island,St. George,40.57617,-73.81552,Entire home/apt,76.57,1,24,2023-06-15,0.26,2,127
545,Listing 545,1256,Host65,Manhattan,Harlem,40.74241,-73.85039,Entire home/apt,201.65,1,14,2023-06-15,0.28,9,47
546,Listing 546,7411,Host69,Manhattan,SoHo,40.88475,-73.85841,Private room,210.59,1,22,2023-06-15,2.71,3,315
547,Listing 547,5515,Host61,Manhattan,Chelsea,40.8551,-74.0358,Private room,127.17,7,25,2023-06-15,1.87,2,292
548,Listing 548,7282,Host247,Staten Island,St. George,40.50216,-73.81602,Private room,20.0,30,21,2023-06-15,0.46,9,213
549,Listing 549,3108,Host186,Manhattan,Chelsea,40.59453,-74.01575,Entire home/apt,218.37,2,21,2023-06-15,0.07,5,79
550,Listing 550,5568,Host159,Manhattan,SoHo,40.55706,-73.87182,Entire home/apt,241.34,5,18,2023-06-15,0.16,3,360
551,Listing 551,8714,Host132,Brooklyn,Williamsburg,40.56487,-73.70528,Private room,90.63,1,22,2023-06-15,1.51,7,57
552,Listing 552,9080,Host168,Manhattan,Upper West Side,40.64928,-73.87736,Entire home/apt,251.73,2,22,2023-06-15,0.13,9,336
553,Listing 553,4026,Host493,Manhattan,SoHo,40.70074,-73.77772,Entire home/apt,266.88,5,21,2023-06-15,0.4,1,253
554,Listing 554,3666,Host464,Brooklyn,Bedford-Stuyvesant,40.565,-73.73674,Entire home/apt,124.36,3,16,2023-06-15,1.41,7,53
555,Listing 555,5311,Host183,Brooklyn,Williamsburg,40.52847,-74.01867,Private room,50.39,2,18,2023-06-15,0.44,4,337
556,Listing 556,1671,Host266,Queens,Long Island City,40.7465,-73.89465,Entire home/apt,267.48,1,22,2023-06-15,0.97,1,107
557,Listing 557,1500,Host186,Manhattan,SoHo,40.58415,-74.04193,Private room,95.98,5,16,2023-06-15,0.39,4,240
558,Listing 558,5482,Host471,Manhattan,SoHo,40.72297,-73.96039,Shared room,108.9,3,14,2023-06-15,0.69,3,293
559,Listing 559,4757,Host433,Brooklyn,Williamsburg,40.83822,-73.83616,Entire home/apt,165.93,1,27,2023-06-15,2.43,7,306
560,Listing 560,7468,Host198,Brooklyn,Williamsburg,40.62339,-74.04298,Entire home/apt,176.87,2,14,2023-06-15,0.01,2,51
561,Listing 561,4041,Host481,Manhattan,Upper West Side,40.82526,-73.71476,Entire home/apt,195.13,5,28,2023-06-15,1.42,7,285
562,Listing 562,1774,Host97,Manhattan,Upper West Side,40.84013,-73.9755,Entire home/apt,267.61,3,21,2023-06-15,0.16,5,293
563,Listing 563,2184,Host289,Brooklyn,Bushwick,40.57437,-73.97147,Private room,117.93,2,20,2023-06-15,0.96,1,233
564,Listing 564,7249,Host179,Queens,Long Island City,40.88364,-73.72412,Private room,58.14,3,23,2023-06-15,2.24,2,198
565,Listing 565,1415,Host448,Manhattan,Harlem,40.78052,-73.77384,Entire home/apt,234.04,1,19,2023-06-15,0.26,2,274
566,Listing 566,2756,Host326,Brooklyn,Bushwick,40.68359,-73.96655,Private room,35.72,7,21,2023-06-15,1.02,8,227
567,Listing 567,5268,Host4,Queens,Astoria,40.71143,-73.76629,Private room,20.0,3,22,2023-06-15,1.53,7,267
568,Listing 568,5261,Host188,Manhattan,Upper West Side,40.51508,-73.92149,Entire home/apt,225.32,2,21,2023-06-15,2.98,4,96
569,Listing 569,5088,Host301,Brooklyn,Williamsburg,40.66698,-73.79426,Private room,145.11,2,12,2023-06-15,2.2,2,176
570,Listing 570,2159,Host387,Manhattan,SoHo,40.59253,-73.7928,Private room,175.75,1,15,2023-06-15,0.45,2,230
571,Listing 571,3484,Host319,Manhattan,Upper West Side,40.85528,-73.75579,Private room,151.84,2,31,2023-06-15,1.35,9,258
572,Listing 572,6559,Host492,Brooklyn,Williamsburg,40.55823,-73.90786,Private room,147.73,1,21,2023-06-15,0.9,3,196
573,Listing 573,5648,Host98,Brooklyn,Park Slope,40.64231,-73.97549,Private room,135.3,3,22,2023-06-15,0.79,4,257
574,Listing 574,2868,Host136,Queens,Flushing,40.80096,-73.78634,Entire home/apt,128.97,3,22,2023-06-15,1.23,7,215
575,Listing 575,9457,Host400,Queens,Astoria,40.66607,-73.78229,Entire home/apt,69.7,1,28,2023-06-15,0.41,1,130
576,Listing 576,8399,Host195,Manhattan,Upper West Side,40.53746,-73.78117,Private room,100.56,3,17,2023-06-15,2.18,9,146
577,Listing 577,5185,Host208,Queens,Long Island City,40.63759,-73.95296,Private room,37.87,30,23,2023-06-15,0.53,4,338
578,Listing 578,4080,Host53,Brooklyn,Bedford-Stuyvesant,40.63068,-73.89699,Entire home/apt,238.48,1,21,2023-06-15,0.19,6,217
579,Listing 579,4367,Host416,Manhattan,Harlem,40.7993,-73.73393,Shared room,110.81,1,13,2023-06-15,3.26,8,85
580,Listing 580,8041,Host336,Manhattan,Upper West Side,40.84984,-73.85265,Entire home/apt,237.74,2,23,2023-06-15,0.21,5,55
581,Listing 581,5979,Host492,Brooklyn,Bedford-Stuyvesant,40.50549,-73.7275,Shared room,20.84,1,19,2023-06-15,2.64,6,169
582,Listing 582,6137,Host70,Brooklyn,Bushwick,40.72379,-74.04491,Shared room,20.0,1,20,2023-06-15,2.2,7,317
583,Listing 583,4574,Host202,Brooklyn,Bushwick,40.63642,-73.76884,Entire home/apt,122.14,5,20,2023-06-15,0.04,9,171
584,Listing 584,6782,Host211,Manhattan,Upper West Side,40.84097,-73.8749,Entire home/apt,184.38,3,18,2023-06-15,3.71,3,346
585,Listing 585,8126,Host254,Brooklyn,Park Slope,40.60774,-73.76977,Entire home/apt,186.21,2,22,2023-06-15,0.58,2,43
586,Listing 586,5080,Host371,Queens,Flushing,40.54136,-73.89897,Entire home/apt,157.34,1,20,2023-06-15,3.39,2,225
587,Listing 587,9216,Host432,Brooklyn,Bushwick,40.58019,-73.90529,Private room,87.1,1,26,2023-06-15,0.73,5,85
588,Listing 588,4688,Host318,Brooklyn,Williamsburg,40.59463,-73.7945,Entire home/apt,116.97,1,22,2023-06-15,0.31,6,143
589,Listing 589,4131,Host296,Manhattan,Harlem,40.70492,-74.00267,Entire home/apt,277.32,2,19,2023-06-15,2.56,7,222
590,Listing 590,1731,Host288,Manhattan,Harlem,40.57317,-73.89948,Private room,91.94,30,17,2023-06-15,1.8,7,40
591,Listing 591,8171,Host244,Manhattan,Harlem,40.6664,-73.78867,Entire home/apt,316.19,1,20,2023-06-15,0.82,3,206
592,Listing 592,5925,Host368,Manhattan,SoHo,40.83021,-73.95367,Entire home/apt,257.3,1,23,2023-06-15,2.72,6,20
593,Listing 593,9107,Host193,Queens,Flushing,40.89684,-74.00438,Entire home/apt,151.5,3,19,2023-06-15,2.55,6,138
594,Listing 594,5656,Host96,Brooklyn,Williamsburg,40.80759,-73.89363,Private room,127.96,2,22,2023-06-15,0.69,6,50
595,Listing 595,9659,Host142,Manhattan,SoHo,40.79127,-73.93655,Private room,149.86,30,14,2023-06-15,7.6,8,150
596,Listing 596,1496,Host440,Brooklyn,Bushwick,40.55635,-73.83127,Private room,117.32,3,28,2023-06-15,3.6,7,153
597,Listing 597,1755,Host423,Brooklyn,Bedford-Stuyvesant,40.68738,-73.84059,Private room,129.37,1,17,2023-06-15,0.65,5,221
598,Listing 598,2145,Host299,Brooklyn,Bushwick,40.86594,-73.92679,Entire home/apt,138.02,2,24,2023-06-15,1.68,8,31
599,Listing 599,2287,Host285,Brooklyn,Bushwick,40.55479,-73.8096,Entire home/apt,149.07,7,21,2023-06-15,3.9,3,335
600,Listing 600,5760,Host158,Manhattan,SoHo,40.6214,-73.92913,Private room,168.39,30,13,2023-06-15,0.08,4,1
601,Listing 601,3722,Host236,Brooklyn,Park Slope,40.77083,-73.77972,Entire home/apt,205.68,2,22,2023-06-15,2.69,7,130
602,Listing 602,5403,Host371,Manhattan,Chelsea,40.66243,-73.76082,Entire home/apt,252.48,1,20,2023-06-15,0.52,2,242
603,Listing 603,7999,Host367,Manhattan,Harlem,40.82476,-73.86328,Private room,151.55,1,19,2023-06-15,2.63,3,32
604,Listing 604,6824,Host456,Manhattan,SoHo,40.7844,-73.89634,Entire home/apt,254.96,1,22,2023-06-15,0.53,8,195
605,Listing 605,3810,Host21,Brooklyn,Bushwick,40.88626,-74.0448,Private room,43.35,2,18,2023-06-15,1.01,2,74
606,Listing 606,5414,Host87,Brooklyn,Bushwick,40.613,-73.85569,Entire home/apt,198.38,3,20,2023-06-15,3.63,1,264
607,Listing 607,4397,Host74,Brooklyn,Williamsburg,40.59188,-73.9661,Private room,113.33,1,16,2023-06-15,0.17,8,258
608,Listing 608,8102,Host321,Manhattan,Harlem,40.59903,-73.76743,Private room,140.65,3,19,2023-06-15,1.18,2,13
609,Listing 609,1065,Host167,Manhattan,Chelsea,40.6251,-73.76062,Shared room,42.18,2,13,2023-06-15,2.19,4,306
610,Listing 610,5541,Host197,Brooklyn,Bedford-Stuyvesant,40.81624,-74.00326,Private room,166.6,1,21,2023-06-15,0.62,3,265
611,Listing 611,5926,Host367,Manhattan,Harlem,40.6009,-73.86302,Private room,121.21,5,24,2023-06-15,1.49,4,69
612,Listing 612,2249,Host473,Brooklyn,Bedford-Stuyvesant,40.66825,-73.88167,Private room,70.17,1,18,2023-06-15,1.39,3,348
613,Listing 613,3939,Host441,Manhattan,Upper West Side,40.61526,-73.9674,Private room,109.99,3,9,2023-06-15,0.01,9,234
614,Listing 614,2291,Host417,Manhattan,Harlem,40.70942,-73.97835,Entire home/apt,205.0,1,18,2023-06-15,0.17,2,292
615,Listing 615,7044,Host416,Manhattan,Chelsea,40.73088,-74.02694,Entire home/apt,279.63,1,19,2023-06-15,0.57,5,345
616,Listing 616,6153,Host359,Manhattan,Upper West Side,40.56306,-73.9891,Private room,87.82,3,18,2023-06-15,0.99,5,297
617,Listing 617,2257,Host59,Bronx,Fordham,40.55032,-73.84373,Entire home/apt,118.73,2,16,2023-06-15,1.91,5,58
618,Listing 618,7929,Host227,Bronx,Riverdale,40.78407,-73.81293,Private room,20.0,1,19,2023-06-15,1.33,5,292
619,Listing 619,2757,Host274,Brooklyn,Park Slope,40.5817,-73.96348,Entire home/apt,193.1,30,13,2023-06-15,0.17,8,127
620,Listing 620,5747,Host176,Manhattan,Chelsea,40.5139,-73.93804,Entire home/apt,257.13,2,21,2023-06-15,2.03,4,181
621,Listing 621,9879,Host330,Queens,Long Island City,40.70389,-73.90214,Entire home/apt,147.1,1,18,2023-06-15,2.26,5,19
622,Listing 622,1036,Host253,Brooklyn,Bedford-Stuyvesant,40.83455,-73.75943,Entire home/apt,270.62,7,23,2023-06-15,0.02,9,189
623,Listing 623,7386,Host275,Brooklyn,Park Slope,40.80332,-73.77223,Entire home/apt,227.28,2,28,2023-06-15,0.1,4,279
624,Listing 624,6492,Host339,Manhattan,Chelsea,40.76901,-73.80351,Private room,154.01,2,27,2023-06-15,0.23,5,244
625,Listing 625,1815,Host428,Brooklyn,Bushwick,40.54997,-74.04066,Entire home/apt,136.32,1,26,2023-06-15,1.58,8,326
626,Listing 626,8283,Host329,Manhattan,Harlem,40.69588,-73.7831,Private room,113.67,5,18,2023-06-15,0.76,9,248
627,Listing 627,6032,Host348,Queens,Astoria,40.84519,-73.89291,Entire home/apt,162.69,1,20,2023-06-15,1.12,2,98
628,Listing 628,3274,Host423,Brooklyn,Bushwick,40.66938,-73.86978,Entire home/apt,221.99,1,22,2023-06-15,0.36,6,171
629,Listing 629,8045,Host280,Brooklyn,Williamsburg,40.88369,-73.79952,Private room,105.68,3,23,2023-06-15,0.72,8,303
630,Listing 630,3422,Host45,Bronx,Fordham,40.83851,-73.92527,Entire home/apt,59.39,5,25,2023-06-15,0.08,6,186
631,Listing 631,3649,Host308,Brooklyn,Park Slope,40.85509,-73.93863,Shared room,87.86,1,23,2023-06-15,0.77,6,122
632,Listing 632,1588,Host160,Queens,Long Island City,40.8486,-74.03937,Private room,101.86,3,10,2023-06-15,0.83,3,227
633,Listing 633,4688,Host348,Manhattan,SoHo,40.66649,-73.98712,Private room,139.22,3,21,2023-06-15,0.15,2,134
634,Listing 634,2480,Host440,Queens,Astoria,40.55664,-73.82501,Private room,63.95,1,31,2023-06-15,3.93,8,181
635,Listing 635,7991,Host115,Queens,Long Island City,40.50611,-73.97295,Shared room,30.65,1,19,2023-06-15,2.48,6,352
636,Listing 636,1076,Host9,Queens,Long Island City,40.66781,-73.93922,Shared room,20.0,1,14,2023-06-15,0.02,4,60
637,Listing 637,7487,Host277,Manhattan,Upper West Side,40.55572,-74.0422,Private room,118.8,5,21,2023-06-15,3.14,6,220
638,Listing 638,6691,Host406,Brooklyn,Bushwick,40.88728,-73.72697,Entire home/apt,197.03,5,19,2023-06-15,0.06,9,276
639,Listing 639,5214,Host469,Bronx,Riverdale,40.76454,-74.01227,Entire home/apt,89.38,2,23,2023-06-15,0.6,5,24
640,Listing 640,5650,Host425,Bronx,Fordham,40.73079,-73.99674,Entire home/apt,40.85,1,23,2023-06-15,2.04,6,285
641,Listing 641,8062,Host396,Queens,Long Island City,40.54621,-73.71072,Entire home/apt,143.74,7,18,2023-06-15,0.22,4,26
642,Listing 642,1318,Host457,Manhattan,Harlem,40.76246,-73.74135,Entire home/apt,255.13,2,20,2023-06-15,2.76,9,219
643,Listing 643,7900,Host338,Manhattan,Chelsea,40.76373,-73.94711,Entire home/apt,208.48,1,15,2023-06-15,0.13,1,62
644,Listing 644,2860,Host15,Manhattan,Chelsea,40.7683,-73.75343,Private room,99.93,1,19,2023-06-15,1.62,5,192
645,Listing 645,6913,Host279,Manhattan,Chelsea,40.82931,-73.74221,Entire home/apt,233.98,2,22,2023-06-15,0.8,4,104
646,Listing 646,2793,Host314,Brooklyn,Williamsburg,40.86115,-73.91193,Entire home/apt,164.84,30,24,2023-06-15,1.24,1,59
647,Listing 647,1095,Host477,Manhattan,Harlem,40.63818,-73.95914,Shared room,123.29,2,19,2023-06-15,2.7,6,127
648,Listing 648,2417,Host475,Staten Island,St. George,40.7426,-73.83851,Private room,77.27,5,19,2023-06-15,0.37,9,97
649,Listing 649,4466,Host44,Manhattan,Upper West Side,40.6651,-73.97028,Entire home/apt,197.59,2,18,2023-06-15,0.92,7,143
650,Listing 650,3322,Host187,Bronx,Riverdale,40.85953,-73.72411,Entire home/apt,118.81,7,22,2023-06-15,0.08,4,310
651,Listing 651,6604,Host87,Manhattan,SoHo,40.5037,-73.76715,Entire home/apt,337.44,1,21,2023-06-15,1.06,4,21
652,Listing 652,3400,Host300,Manhattan,Harlem,40.50979,-73.77325,Private room,134.68,1,17,2023-06-15,0.57,7,235
653,Listing 653,1107,Host165,Bronx,Riverdale,40.86239,-73.74776,Private room,20.0,3,16,2023-06-15,0.85,2,249
654,Listing 654,4046,Host33,Queens,Long Island City,40.51265,-73.95952,Private room,41.06,7,25,2023-06-15,1.45,1,285
655,Listing 655,4259,Host395,Queens,Long Island City,40.57044,-73.78983,Entire home/apt,99.37,1,19,2023-06-15,4.83,2,42
656,Listing 656,1802,Host23,Manhattan,Harlem,40.61286,-73.96836,Entire home/apt,186.22,3,24,2023-06-15,3.22,3,1
657,Listing 657,9823,Host191,Brooklyn,Bedford-Stuyvesant,40.58396,-73.87784,Entire home/apt,152.54,1,22,2023-06-15,2.75,6,256
658,Listing 658,9080,Host47,Manhattan,Harlem,40.60189,-73.95786,Entire home/apt,255.66,2,19,2023-06-15,0.16,5,72
659,Listing 659,1814,Host392,Manhattan,Chelsea,40.50644,-74.00903,Entire home/apt,276.75,1,14,2023-06-15,4.01,6,249
660,Listing 660,8635,Host111,Brooklyn,Bedford-Stuyvesant,40.69344,-73.99476,Entire home/apt,117.56,3,20,2023-06-15,0.19,6,109
661,Listing 661,4270,Host80,Queens,Flushing,40.53483,-74.03722,Entire home/apt,74.93,2,17,2023-06-15,1.71,7,159
662,Listing 662,7213,Host368,Brooklyn,Park Slope,40.88721,-73.80397,Entire home/apt,172.09,1,19,2023-06-15,0.92,8,308
663,Listing 663,1372,Host104,Manhattan,Upper West Side,40.86808,-74.03279,Private room,85.31,2,25,2023-06-15,2.51,4,4
664,Listing 664,5756,Host266,Bronx,Riverdale,40.86805,-73.8854,Shared room,74.8,1,23,2023-06-15,0.16,7,18
665,Listing 665,5839,Host46,Brooklyn,Bushwick,40.74625,-74.04554,Private room,151.47,3,19,2023-06-15,1.26,7,332
666,Listing 666,5666,Host203,Manhattan,Chelsea,40.53795,-73.93345,Entire home/apt,234.98,1,16,2023-06-15,0.7,1,96
667,Listing 667,9609,Host475,Manhattan,Upper West Side,40.89219,-73.87715,Entire home/apt,156.7,1,14,2023-06-15,1.04,7,20
668,Listing 668,2786,Host388,Bronx,Fordham,40.80217,-73.83765,Entire home/apt,36.36,2,22,2023-06-15,0.97,2,257
669,Listing 669,1479,Host268,Manhattan,Upper West Side,40.67751,-73.8502,Private room,224.76,2,25,2023-06-15,1.08,7,141
670,Listing 670,7634,Host396,Manhattan,SoHo,40.66835,-73.79551,Entire home/apt,124.96,1,16,2023-06-15,1.91,8,188
671,Listing 671,9674,Host430,Brooklyn,Williamsburg,40.8717,-73.94379,Entire home/apt,77.57,5,16,2023-06-15,0.39,7,279
672,Listing 672,6289,Host86,Queens,Flushing,40.84059,-73.83678,Entire home/apt,92.2,5,17,2023-06-15,0.72,5,88
673,Listing 673,7486,Host433,Brooklyn,Williamsburg,40.77137,-73.8373,Entire home/apt,156.73,1,17,2023-06-15,1.42,6,76
674,Listing 674,7344,Host217,Brooklyn,Bedford-Stuyvesant,40.80946,-73.89053,Entire home/apt,117.36,2,18,2023-06-15,2.17,2,272
675,Listing 675,3366,Host332,Brooklyn,Williamsburg,40.88071,-73.77323,Entire home/apt,156.64,1,21,2023-06-15,0.05,1,120
676,Listing 676,1496,Host20,Queens,Flushing,40.56464,-74.00858,Entire home/apt,39.32,3,28,2023-06-15,1.29,1,268
677,Listing 677,8730,Host476,Manhattan,Chelsea,40.694,-73.94305,Entire home/apt,183.68,2,18,2023-06-15,0.15,7,111
678,Listing 678,7553,Host246,Brooklyn,Bushwick,40.72414,-74.04239,Entire home/apt,204.17,2,18,2023-06-15,1.45,1,223
679,Listing 679,8989,Host26,Manhattan,Harlem,40.70697,-73.89868,Shared room,69.07,30,28,2023-06-15,0.14,6,167
680,Listing 680,9031,Host358,Brooklyn,Williamsburg,40.78445,-73.94653,Entire home/apt,102.9,2,29,2023-06-15,1.62,8,325
681,Listing 681,9400,Host475,Manhattan,Harlem,40.70581,-74.01259,Private room,173.74,3,25,2023-06-15,0.89,1,140
682,Listing 682,8394,Host193,Manhattan,Upper West Side,40.67645,-73.79323,Private room,120.34,2,25,2023-06-15,0.05,8,127
683,Listing 683,7104,Host116,Manhattan,Harlem,40.61557,-74.01981,Entire home/apt,238.96,7,18,2023-06-15,1.88,3,166
684,Listing 684,1400,Host365,Brooklyn,Bushwick,40.82449,-73.97207,Entire home/apt,244.88,3,29,2023-06-15,0.93,3,111
685,Listing 685,4691,Host303,Manhattan,Upper West Side,40.85565,-73.88625,Private room,202.96,3,27,2023-06-15,3.92,8,54
686,Listing 686,9621,Host308,Bronx,Fordham,40.60091,-73.84464,Entire home/apt,44.78,3,20,2023-06-15,0.54,8,59
687,Listing 687,9167,Host95,Brooklyn,Bushwick,40.70327,-74.02796,Shared room,128.09,5,24,2023-06-15,1.21,4,352
688,Listing 688,8849,Host47,Brooklyn,Bedford-Stuyvesant,40.74198,-73.81918,Entire home/apt,172.41,2,27,2023-06-15,1.76,8,272
689,Listing 689,9556,Host309,Staten Island,St. George,40.60636,-73.89655,Entire home/apt,20.0,1,24,2023-06-15,1.1,5,217
690,Listing 690,7658,Host193,Brooklyn,Bedford-Stuyvesant,40.5766,-73.99144,Private room,116.91,1,22,2023-06-15,5.76,5,332
691,Listing 691,4723,Host318,Staten Island,Tottenville,40.88397,-73.81251,Private room,77.47,2,29,2023-06-15,1.1,3,109
692,Listing 692,1949,Host325,Brooklyn,Bushwick,40.72195,-73.77133,Private room,113.55,1,22,2023-06-15,0.46,3,338
693,Listing 693,9736,Host205,Manhattan,Chelsea,40.60655,-73.73519,Entire home/apt,241.32,7,19,2023-06-15,0.58,9,361
694,Listing 694,5802,Host426,Manhattan,Upper West Side,40.81901,-73.99608,Private room,101.63,2,18,2023-06-15,0.64,2,12
695,Listing 695,6229,Host37,Queens,Long Island City,40.57975,-73.94232,Private room,105.79,1,22,2023-06-15,0.44,3,89
696,Listing 696,3419,Host215,Manhattan,SoHo,40.8089,-73.89787,Shared room,80.38,1,15,2023-06-15,1.85,5,324
697,Listing 697,4510,Host334,Manhattan,Chelsea,40.78779,-73.93234,Entire home/apt,279.06,1,20,2023-06-15,0.1,4,37
698,Listing 698,4081,Host233,Queens,Flushing,40.79292,-73.83617,Entire home/apt,154.45,5,19,2023-06-15,0.86,2,276
699,Listing 699,1303,Host460,Brooklyn,Bushwick,40.5394,-73.95721,Private room,107.17,2,25,2023-06-15,1.65,2,277
700,Listing 700,4364,Host294,Manhattan,SoHo,40.78511,-73.85575,Entire home/apt,246.06,7,21,2023-06-15,1.85,8,26
701,Listing 701,2242,Host118,Manhattan,SoHo,40.87692,-73.78573,Private room,87.33,1,18,2023-06-15,1.43,1,42
702,Listing 702,5996,Host221,Brooklyn,Bedford-Stuyvesant,40.75307,-73.7084,Entire home/apt,246.74,1,19,2023-06-15,0.94,9,136
703,Listing 703,1056,Host181,Queens,Flushing,40.65849,-73.90768,Entire home/apt,161.18,2,16,2023-06-15,0.42,5,328
704,Listing 704,1944,Host298,Queens,Flushing,40.70803,-73.75941,Private room,81.59,2,15,2023-06-15,0.84,2,52
705,Listing 705,3994,Host110,Queens,Long Island City,40.86905,-74.03015,Entire home/apt,119.11,1,23,2023-06-15,0.06,7,199
706,Listing 706,8380,Host181,Queens,Astoria,40.73202,-73.79811,Entire home/apt,116.14,1,22,2023-06-15,1.73,6,3
707,Listing 707,1702,Host81,Brooklyn,Bedford-Stuyvesant,40.62485,-74.04559,Entire home/apt,184.08,1,17,2023-06-15,1.09,9,309
708,Listing 708,6766,Host29,Brooklyn,Williamsburg,40.85863,-73.82551,Entire home/apt,154.89,3,21,2023-06-15,4.98,9,315
709,Listing 709,4046,Host427,Manhattan,Upper West Side,40.78046,-73.94827,Private room,131.48,1,17,2023-06-15,0.31,6,303
710,Listing 710,7989,Host432,Brooklyn,Bushwick,40.65196,-73.88343,Entire home/apt,162.15,1,17,2023-06-15,0.71,8,213
711,Listing 711,7174,Host21,Manhattan,SoHo,40.62195,-73.70344,Entire home/apt,242.54,1,22,2023-06-15,0.71,4,8
712,Listing 712,5604,Host237,Brooklyn,Williamsburg,40.64406,-73.88724,Private room,76.43,3,26,2023-06-15,3.0,5,207
713,Listing 713,2186,Host438,Manhattan,Harlem,40.7495,-74.04803,Entire home/apt,267.08,1,13,2023-06-15,0.84,8,238
714,Listing 714,4524,Host433,Manhattan,Chelsea,40.69813,-73.90031,Private room,74.52,7,16,2023-06-15,1.6,1,164
715,Listing 715,1868,Host300,Bronx,Fordham,40.71781,-73.86369,Entire home/apt,29.75,1,23,2023-06-15,0.25,2,115
716,Listing 716,4007,Host91,Manhattan,Upper West Side,40.61384,-73.92282,Shared room,112.52,2,18,2023-06-15,3.99,4,156
717,Listing 717,5674,Host221,Queens,Astoria,40.57469,-73.92892,Entire home/apt,173.93,1,20,2023-06-15,0.14,7,85
718,Listing 718,4136,Host451,Brooklyn,Bedford-Stuyvesant,40.63518,-73.94151,Shared room,83.17,7,16,2023-06-15,0.39,5,340
719,Listing 719,1747,Host474,Queens,Astoria,40.74833,-73.73815,Private room,20.0,2,25,2023-06-15,0.13,2,64
720,Listing 720,2385,Host146,Manhattan,Upper West Side,40.56308,-73.96171,Entire home/apt,259.49,1,30,2023-06-15,0.49,5,17
721,Listing 721,6228,Host74,Brooklyn,Bedford-Stuyvesant,40.67838,-73.97137,Entire home/apt,99.61,3,23,2023-06-15,2.95,5,317
722,Listing 722,2032,Host196,Manhattan,SoHo,40.809,-73.99017,Entire home/apt,189.1,1,22,2023-06-15,2.02,3,51
723,Listing 723,4446,Host107,Manhattan,Chelsea,40.88877,-73.75241,Private room,39.21,3,17,2023-06-15,3.05,5,93
724,Listing 724,7116,Host387,Manhattan,Upper West Side,40.72506,-73.76896,Private room,102.54,2,23,2023-06-15,2.94,3,258
725,Listing 725,7439,Host202,Bronx,Riverdale,40.53739,-73.87225,Entire home/apt,90.43,1,19,2023-06-15,5.23,5,278
726,Listing 726,9142,Host117,Brooklyn,Bedford-Stuyvesant,40.86872,-73.91932,Entire home/apt,152.3,7,17,2023-06-15,2.45,3,232
727,Listing 727,5549,Host493,Brooklyn,Williamsburg,40.77428,-73.82266,Private room,136.11,2,19,2023-06-15,0.86,7,49
728,Listing 728,1909,Host276,Manhattan,Harlem,40.50826,-73.71318,Entire home/apt,262.17,2,19,2023-06-15,0.01,8,240
729,Listing 729,5098,Host179,Manhattan,SoHo,40.59238,-73.78977,Entire home/apt,224.3,2,16,2023-06-15,1.93,6,45
730,Listing 730,5668,Host494,Bronx,Riverdale,40.57522,-73.74912,Entire home/apt,136.97,1,16,2023-06-15,0.83,5,306
731,Listing 731,1329,Host50,Manhattan,Upper West Side,40.81163,-73.95878,Private room,119.42,1,18,2023-06-15,1.03,4,267
732,Listing 732,9125,Host229,Manhattan,SoHo,40.7985,-73.83839,Entire home/apt,246.43,3,22,2023-06-15,0.04,9,244
733,Listing 733,2896,Host199,Manhattan,Chelsea,40.83657,-73.82339,Entire home/apt,280.24,1,24,2023-06-15,5.06,3,317
734,Listing 734,8092,Host201,Staten Island,Tottenville,40.50077,-73.79598,Private room,115.3,3,23,2023-06-15,2.06,6,180
735,Listing 735,1628,Host120,Staten Island,St. George,40.81753,-73.8873,Entire home/apt,81.6,2,21,2023-06-15,0.6,4,108
736,Listing 736,6492,Host27,Manhattan,Chelsea,40.51322,-74.0496,Private room,166.62,1,24,2023-06-15,0.05,9,29
737,Listing 737,6965,Host201,Brooklyn,Bedford-Stuyvesant,40.58,-74.00421,Private room,55.28,3,21,2023-06-15,1.61,4,42
738,Listing 738,2562,Host128,Manhattan,Upper West Side,40.88284,-73.80612,Private room,206.96,2,19,2023-06-15,0.52,5,245
739,Listing 739,8041,Host56,Manhattan,SoHo,40.59967,-73.79842,Shared room,88.69,2,27,2023-06-15,0.2,7,85
740,Listing 740,8865,Host174,Manhattan,Upper West Side,40.61762,-73.80141,Private room,174.25,1,19,2023-06-15,0.55,3,184
741,Listing 741,1045,Host47,Brooklyn,Park Slope,40.87983,-73.74573,Private room,166.06,2,18,2023-06-15,0.61,9,261
742,Listing 742,6773,Host37,Queens,Flushing,40.57899,-73.73122,Private room,79.26,1,17,2023-06-15,0.37,6,193
743,Listing 743,5289,Host158,Manhattan,SoHo,40.66915,-73.85199,Entire home/apt,290.82,1,29,2023-06-15,1.34,4,62
744,Listing 744,1333,Host440,Brooklyn,Bedford-Stuyvesant,40.82474,-73.79838,Private room,64.61,3,13,2023-06-15,1.37,9,76
745,Listing 745,9376,Host32,Brooklyn,Williamsburg,40.65659,-73.75427,Entire home/apt,176.64,1,15,2023-06-15,0.48,1,165
746,Listing 746,5090,Host15,Queens,Flushing,40.67357,-73.95276,Entire home/apt,77.51,5,21,2023-06-15,0.91,3,15
747,Listing 747,6280,Host161,Brooklyn,Park Slope,40.89263,-73.73565,Private room,68.92,7,18,2023-06-15,1.16,7,239
748,Listing 748,6399,Host116,Brooklyn,Williamsburg,40.53156,-74.01803,Entire home/apt,210.87,2,20,2023-06-15,3.16,3,46
749,Listing 749,2942,Host421,Manhattan,Chelsea,40.81669,-73.70781,Entire home/apt,284.95,3,23,2023-06-15,0.23,5,113
750,Listing 750,3062,Host231,Manhattan,SoHo,40.80004,-73.75497,Private room,103.29,2,18,2023-06-15,1.15,3,279
751,Listing 751,9866,Host416,Brooklyn,Bedford-Stuyvesant,40.69169,-73.81361,Entire home/apt,173.94,1,12,2023-06-15,3.54,6,272
752,Listing 752,2508,Host189,Queens,Astoria,40.58686,-73.91923,Private room,91.93,1,15,2023-06-15,0.78,9,101
753,Listing 753,6386,Host287,Brooklyn,Bedford-Stuyvesant,40.50563,-74.04756,Entire home/apt,200.27,1,13,2023-06-15,0.23,8,230
754,Listing 754,6882,Host400,Bronx,Riverdale,40.86489,-73.73752,Entire home/apt,131.41,3,22,2023-06-15,5.03,2,108
755,Listing 755,8453,Host237,Bronx,Riverdale,40.53989,-73.72732,Entire home/apt,78.27,1,16,2023-06-15,1.73,8,38
756,Listing 756,7611,Host179,Queens,Astoria,40.86151,-73.90655,Private room,95.28,2,20,2023-06-15,1.79,2,344
757,Listing 757,8635,Host269,Brooklyn,Park Slope,40.79716,-73.73505,Private room,75.53,5,13,2023-06-15,0.17,7,227
758,Listing 758,8392,Host258,Brooklyn,Park Slope,40.73537,-73.85507,Entire home/apt,152.14,3,20,2023-06-15,1.14,1,273
759,Listing 759,4195,Host364,Manhattan,Chelsea,40.8388,-73.76023,Entire home/apt,211.63,1,21,2023-06-15,0.33,1,209
760,Listing 760,5502,Host313,Staten Island,Tottenville,40.58451,-73.88112,Entire home/apt,85.59,1,20,2023-06-15,1.2,1,146
761,Listing 761,3324,Host424,Manhattan,SoHo,40.50421,-73.70337,Entire home/apt,243.53,3,22,2023-06-15,2.37,8,193
762,Listing 762,8750,Host210,Queens,Flushing,40.59293,-73.83162,Private room,37.62,2,9,2023-06-15,0.15,4,45
763,Listing 763,6291,Host397,Brooklyn,Bedford-Stuyvesant,40.74997,-73.77706,Entire home/apt,187.89,3,20,2023-06-15,0.6,2,294
764,Listing 764,1071,Host28,Manhattan,Chelsea,40.66682,-73.96981,Entire home/apt,224.35,1,21,2023-06-15,0.77,6,247
765,Listing 765,3072,Host450,Manhattan,Upper West Side,40.50848,-73.97038,Entire home/apt,275.94,2,19,2023-06-15,0.94,7,74
766,Listing 766,7601,Host364,Brooklyn,Bedford-Stuyvesant,40.60018,-73.73813,Entire home/apt,162.88,1,14,2023-06-15,0.02,9,360
767,Listing 767,4606,Host115,Manhattan,Harlem,40.78662,-73.84072,Entire home/apt,272.13,1,25,2023-06-15,3.92,8,138
768,Listing 768,2459,Host407,Brooklyn,Park Slope,40.84048,-73.81168,Entire home/apt,200.56,5,23,2023-06-15,0.22,2,78
769,Listing 769,9172,Host321,Brooklyn,Park Slope,40.6047,-73.87059,Entire home/apt,150.44,1,26,2023-06-15,1.93,3,252
770,Listing 770,6510,Host428,Manhattan,Harlem,40.60948,-73.87289,Entire home/apt,323.98,1,23,2023-06-15,0.17,5,154
771,Listing 771,6419,Host362,Staten Island,Tottenville,40.86897,-73.81681,Private room,80.86,1,27,2023-06-15,0.29,1,355
772,Listing 772,6440,Host139,Manhattan,Upper West Side,40.82924,-74.03531,Private room,126.31,2,19,2023-06-15,0.72,3,132
773,Listing 773,4584,Host348,Brooklyn,Bedford-Stuyvesant,40.734,-73.70104,Entire home/apt,213.27,2,23,2023-06-15,5.71,8,324
774,Listing 774,3646,Host267,Manhattan,Upper West Side,40.76303,-73.74091,Private room,151.59,2,18,2023-06-15,1.83,1,27
775,Listing 775,9702,Host13,Manhattan,Chelsea,40.62379,-73.70826,Private room,170.16,1,30,2023-06-15,1.48,8,225
776,Listing 776,3613,Host309,Brooklyn,Williamsburg,40.6013,-73.71553,Private room,59.64,1,16,2023-06-15,0.64,9,243
777,Listing 777,5946,Host111,Queens,Flushing,40.55878,-73.72902,Private room,20.0,30,24,2023-06-15,0.62,9,93
778,Listing 778,8511,Host78,Brooklyn,Bedford-Stuyvesant,40.87097,-73.86765,Private room,49.85,2,21,2023-06-15,0.14,8,24
779,Listing 779,5870,Host478,Manhattan,Chelsea,40.73977,-74.02985,Private room,111.78,3,18,2023-06-15,0.71,4,293
780,Listing 780,7752,Host6,Queens,Astoria,40.70129,-73.88733,Entire home/apt,141.72,30,20,2023-06-15,0.86,3,257
781,Listing 781,9159,Host247,Queens,Flushing,40.85455,-73.86041,Entire home/apt,110.95,2,21,2023-06-15,1.64,9,248
782,Listing 782,8904,Host38,Brooklyn,Bedford-Stuyvesant,40.61149,-73.9944,Private room,87.11,1,34,2023-06-15,0.38,6,42
783,Listing 783,2216,Host244,Brooklyn,Park Slope,40.6181,-73.98226,Private room,121.91,2,18,2023-06-15,1.24,6,358
784,Listing 784,8933,Host38,Brooklyn,Bedford-Stuyvesant,40.63844,-73.78865,Private room,100.91,5,18,2023-06-15,2.64,9,266
785,Listing 785,5899,Host423,Staten Island,Tottenville,40.8291,-73.72413,Entire home/apt,104.26,2,18,2023-06-15,0.37,7,119
786,Listing 786,6265,Host12,Bronx,Fordham,40.881,-73.75776,Shared room,20.0,7,25,2023-06-15,0.35,6,136
787,Listing 787,1743,Host161,Brooklyn,Williamsburg,40.5413,-74.03177,Entire home/apt,152.63,2,22,2023-06-15,1.38,3,309
788,Listing 788,3834,Host283,Brooklyn,Williamsburg,40.88343,-73.79285,Entire home/apt,126.76,3,16,2023-06-15,0.1,1,362
789,Listing 789,7194,Host369,Manhattan,Upper West Side,40.59419,-74.0018,Private room,75.93,2,15,2023-06-15,1.07,8,278
790,Listing 790,2592,Host489,Manhattan,Harlem,40.6272,-73.77129,Entire home/apt,276.31,2,19,2023-06-15,1.5,8,310
791,Listing 791,2600,Host69,Queens,Astoria,40.74811,-73.85953,Entire home/apt,203.5,3,23,2023-06-15,1.36,6,195
792,Listing 792,6309,Host12,Brooklyn,Bedford-Stuyvesant,40.78563,-73.74635,Private room,66.19,1,21,2023-06-15,0.61,6,20
793,Listing 793,8370,Host496,Manhattan,SoHo,40.79518,-73.78145,Shared room,130.09,7,19,2023-06-15,2.41,6,338
794,Listing 794,6949,Host87,Manhattan,SoHo,40.73335,-73.7875,Entire home/apt,248.15,2,13,2023-06-15,0.06,9,190
795,Listing 795,4322,Host294,Brooklyn,Bedford-Stuyvesant,40.5768,-73.97129,Entire home/apt,137.89,1,19,2023-06-15,2.33,6,83
796,Listing 796,4123,Host45,Manhattan,Upper West Side,40.69086,-73.99363,Shared room,31.63,1,16,2023-06-15,0.79,4,178
797,Listing 797,5381,Host244,Brooklyn,Bushwick,40.77206,-74.03015,Entire home/apt,186.15,2,18,2023-06-15,3.08,6,46
798,Listing 798,4090,Host347,Manhattan,SoHo,40.87219,-73.84206,Entire home/apt,264.82,5,19,2023-06-15,2.91,2,344
799,Listing 799,2286,Host273,Brooklyn,Bushwick,40.83526,-73.86618,Entire home/apt,201.39,1,20,2023-06-15,1.63,5,15
800,Listing 800,9296,Host182,Manhattan,Upper West Side,40.80204,-73.78722,Private room,144.23,1,21,2023-06-15,0.77,6,337
801,Listing 801,4182,Host180,Brooklyn,Bedford-Stuyvesant,40.57233,-73.86067,Private room,106.85,1,23,2023-06-15,1.51,1,244
802,Listing 802,5040,Host71,Brooklyn,Bedford-Stuyvesant,40.50136,-73.96415,Private room,144.1,3,16,2023-06-15,0.24,8,262
803,Listing 803,6400,Host489,Brooklyn,Park Slope,40.88174,-73.96343,Private room,73.57,3,19,2023-06-15,0.73,1,145
804,Listing 804,2897,Host258,Manhattan,Upper West Side,40.88204,-73.98244,Private room,100.25,5,20,2023-06-15,0.56,4,177
805,Listing 805,6281,Host227,Manhattan,Harlem,40.76487,-74.00934,Shared room,88.52,2,15,2023-06-15,0.33,1,105
806,Listing 806,3263,Host290,Brooklyn,Bushwick,40.56622,-73.79403,Entire home/apt,134.95,2,26,2023-06-15,1.83,4,16
807,Listing 807,8365,Host300,Manhattan,Chelsea,40.83276,-73.98886,Private room,144.14,2,17,2023-06-15,0.47,4,156
808,Listing 808,1436,Host381,Manhattan,Harlem,40.80021,-73.93132,Private room,110.41,3,10,2023-06-15,1.47,1,146
809,Listing 809,9762,Host224,Manhattan,Harlem,40.68898,-73.80559,Private room,124.48,2,16,2023-06-15,0.01,4,332
810,Listing 810,7556,Host131,Brooklyn,Bushwick,40.62702,-73.92374,Shared room,20.0,3,22,2023-06-15,2.73,6,156
811,Listing 811,9509,Host182,Queens,Astoria,40.63948,-73.78272,Entire home/apt,163.66,1,18,2023-06-15,0.08,7,246
812,Listing 812,6541,Host323,Manhattan,Upper West Side,40.73837,-73.82447,Entire home/apt,282.49,3,14,2023-06-15,1.47,3,222
813,Listing 813,9498,Host452,Brooklyn,Bedford-Stuyvesant,40.5427,-73.76418,Private room,63.39,3,20,2023-06-15,0.24,6,116
814,Listing 814,3562,Host293,Staten Island,St. George,40.60217,-73.87266,Entire home/apt,119.55,7,21,2023-06-15,1.26,4,327
815,Listing 815,3261,Host404,Queens,Astoria,40.55293,-73.81305,Private room,179.51,3,20,2023-06-15,0.13,5,191
816,Listing 816,5959,Host36,Manhattan,Harlem,40.82563,-73.83786,Private room,184.11,7,18,2023-06-15,0.85,9,209
817,Listing 817,6327,Host465,Manhattan,Harlem,40.89611,-73.78948,Private room,131.13,3,16,2023-06-15,0.62,4,17
818,Listing 818,2171,Host472,Manhattan,Upper West Side,40.7372,-73.78543,Entire home/apt,282.17,2,16,2023-06-15,0.36,2,157
819,Listing 819,6190,Host313,Queens,Astoria,40.82014,-73.81621,Entire home/apt,79.22,2,24,2023-06-15,0.43,9,107
820,Listing 820,4914,Host439,Brooklyn,Williamsburg,40.50229,-73.82204,Private room,96.85,1,26,2023-06-15,0.1,2,9
821,Listing 821,4055,Host333,Brooklyn,Bushwick,40.66578,-74.01265,Private room,116.56,7,24,2023-06-15,0.35,4,54
822,Listing 822,7175,Host93,Manhattan,Upper West Side,40.57682,-73.73345,Private room,133.59,1,22,2023-06-15,0.45,2,330
823,Listing 823,6450,Host31,Manhattan,SoHo,40.56861,-73.77996,Private room,163.7,1,26,2023-06-15,1.45,2,227
824,Listing 824,8443,Host450,Brooklyn,Williamsburg,40.64156,-73.73799,Entire home/apt,158.51,1,14,2023-06-15,1.29,6,246
825,Listing 825,5087,Host250,Manhattan,SoHo,40.87501,-73.79217,Entire home/apt,281.84,2,21,2023-06-15,1.08,8,183
826,Listing 826,5722,Host347,Manhattan,SoHo,40.77558,-73.98877,Private room,168.54,2,25,2023-06-15,1.68,5,82
827,Listing 827,3686,Host191,Queens,Long Island City,40.52094,-73.71797,Entire home/apt,134.06,2,26,2023-06-15,0.53,4,185
828,Listing 828,9678,Host266,Brooklyn,Bushwick,40.84426,-73.86736,Entire home/apt,127.09,1,27,2023-06-15,2.71,7,131
829,Listing 829,8814,Host147,Bronx,Riverdale,40.69572,-73.98317,Private room,20.0,1,19,2023-06-15,0.12,6,285
830,Listing 830,8333,Host187,Manhattan,Upper West Side,40.85487,-73.95927,Entire home/apt,230.99,1,29,2023-06-15,0.45,5,320
831,Listing 831,4281,Host496,Queens,Astoria,40.89528,-73.92877,Entire home/apt,138.36,2,29,2023-06-15,1.52,7,347
832,Listing 832,3574,Host242,Queens,Flushing,40.58856,-74.02135,Entire home/apt,88.27,1,16,2023-06-15,0.53,3,217
833,Listing 833,6964,Host475,Brooklyn,Park Slope,40.52447,-73.99543,Entire home/apt,106.22,2,20,2023-06-15,0.7,5,258
834,Listing 834,9432,Host493,Brooklyn,Bedford-Stuyvesant,40.79666,-73.79294,Private room,72.02,2,16,2023-06-15,3.8,8,68
835,Listing 835,1578,Host459,Brooklyn,Park Slope,40.71293,-73.9477,Shared room,68.32,3,22,2023-06-15,0.04,5,139
836,Listing 836,5920,Host352,Brooklyn,Williamsburg,40.87422,-73.71754,Private room,94.42,1,31,2023-06-15,1.25,3,20
837,Listing 837,9581,Host65,Queens,Astoria,40.81026,-73.94915,Private room,26.57,1,22,2023-06-15,0.21,2,217
838,Listing 838,6083,Host113,Queens,Flushing,40.58178,-74.0205,Private room,20.0,2,14,2023-06-15,0.02,7,104
839,Listing 839,5063,Host207,Manhattan,Upper West Side,40.57139,-73.78509,Private room,73.92,1,31,2023-06-15,1.04,3,351
840,Listing 840,2982,Host337,Brooklyn,Bushwick,40.5835,-73.87996,Entire home/apt,153.41,1,25,2023-06-15,3.45,4,350
841,Listing 841,3258,Host367,Manhattan,Upper West Side,40.71418,-73.72838,Private room,205.54,3,23,2023-06-15,0.52,4,197
842,Listing 842,1689,Host24,Brooklyn,Williamsburg,40.87646,-73.9705,Entire home/apt,203.52,1,21,2023-06-15,2.78,6,90
843,Listing 843,2361,Host162,Manhattan,Harlem,40.61002,-73.7578,Entire home/apt,193.53,1,11,2023-06-15,0.67,3,272
844,Listing 844,8222,Host254,Brooklyn,Bushwick,40.61868,-73.75531,Private room,84.38,1,22,2023-06-15,0.43,1,230
845,Listing 845,8434,Host214,Queens,Astoria,40.685,-73.9522,Entire home/apt,249.49,1,26,2023-06-15,0.67,6,42
846,Listing 846,2701,Host305,Staten Island,St. George,40.88839,-73.70592,Entire home/apt,148.22,2,21,2023-06-15,2.12,8,68
847,Listing 847,3894,Host36,Manhattan,Upper West Side,40.85796,-73.81403,Entire home/apt,189.07,1,28,2023-06-15,0.19,7,246
848,Listing 848,5029,Host242,Manhattan,Harlem,40.60499,-73.96414,Entire home/apt,315.83,7,16,2023-06-15,0.5,4,341
849,Listing 849,2790,Host489,Manhattan,Harlem,40.83371,-73.94192,Entire home/apt,301.33,2,18,2023-06-15,0.05,8,242
850,Listing 850,8815,Host476,Manhattan,Upper West Side,40.78339,-74.02623,Entire home/apt,249.71,1,20,2023-06-15,3.63,8,360
851,Listing 851,2639,Host322,Queens,Astoria,40.84424,-74.04537,Private room,85.01,3,22,2023-06-15,1.74,6,290
852,Listing 852,9508,Host353,Manhattan,Upper West Side,40.56587,-73.85196,Private room,98.67,1,19,2023-06-15,0.22,6,15
853,Listing 853,6891,Host192,Queens,Long Island City,40.66163,-73.82123,Shared room,53.02,1,14,2023-06-15,4.13,8,313
854,Listing 854,8402,Host278,Queens,Flushing,40.80099,-73.72202,Entire home/apt,114.36,1,21,2023-06-15,0.18,8,49
855,Listing 855,7192,Host142,Brooklyn,Bushwick,40.79772,-73.88656,Private room,129.84,1,16,2023-06-15,1.69,2,277
856,Listing 856,2496,Host484,Brooklyn,Williamsburg,40.6745,-73.7067,Entire home/apt,163.82,1,21,2023-06-15,5.6,6,22
857,Listing 857,1551,Host121,Manhattan,SoHo,40.88822,-73.9014,Private room,119.95,5,22,2023-06-15,2.65,9,9
858,Listing 858,1400,Host109,Manhattan,Upper West Side,40.62215,-73.72606,Entire home/apt,166.42,1,24,2023-06-15,1.46,1,301
859,Listing 859,8619,Host251,Brooklyn,Bushwick,40.5031,-73.88365,Private room,66.27,1,19,2023-06-15,0.85,2,36
860,Listing 860,6153,Host39,Manhattan,Chelsea,40.67757,-73.88053,Entire home/apt,223.46,5,27,2023-06-15,0.02,2,284
861,Listing 861,4651,Host192,Manhattan,SoHo,40.66948,-73.9425,Entire home/apt,240.8,7,26,2023-06-15,0.1,9,31
862,Listing 862,9308,Host471,Manhattan,Chelsea,40.60498,-73.82424,Private room,133.59,5,19,2023-06-15,0.2,9,334
863,Listing 863,3661,Host13,Brooklyn,Bushwick,40.83156,-73.8388,Entire home/apt,228.67,1,21,2023-06-15,0.22,3,225
864,Listing 864,4411,Host285,Manhattan,Chelsea,40.78917,-73.80868,Private room,163.99,7,24,2023-06-15,0.51,3,160
865,Listing 865,4107,Host303,Manhattan,Chelsea,40.71741,-73.75581,Shared room,108.89,5,15,2023-06-15,0.49,7,1
866,Listing 866,3882,Host487,Bronx,Fordham,40.82158,-73.77,Entire home/apt,77.1,7,19,2023-06-15,0.85,2,305
867,Listing 867,4888,Host209,Brooklyn,Bushwick,40.88856,-74.02071,Entire home/apt,188.15,7,14,2023-06-15,2.29,4,107
868,Listing 868,5150,Host26,Brooklyn,Bedford-Stuyvesant,40.68081,-74.01431,Private room,35.53,1,19,2023-06-15,1.14,5,338
869,Listing 869,7387,Host270,Manhattan,Chelsea,40.80442,-73.8664,Shared room,103.84,1,18,2023-06-15,0.46,5,184
870,Listing 870,9490,Host349,Manhattan,Harlem,40.63748,-73.84214,Private room,102.42,1,26,2023-06-15,0.88,1,247
871,Listing 871,3099,Host374,Manhattan,Upper West Side,40.82441,-74.01186,Private room,151.45,1,22,2023-06-15,0.64,4,90
872,Listing 872,3197,Host328,Brooklyn,Williamsburg,40.69182,-73.7659,Shared room,20.0,3,17,2023-06-15,1.45,6,182
873,Listing 873,6316,Host243,Bronx,Fordham,40.56684,-74.03831,Private room,102.8,1,27,2023-06-15,0.28,9,354
874,Listing 874,4997,Host447,Manhattan,SoHo,40.86712,-74.00113,Entire home/apt,212.66,2,17,2023-06-15,0.06,7,45
875,Listing 875,1135,Host490,Manhattan,SoHo,40.53104,-73.99922,Entire home/apt,139.99,3,23,2023-06-15,2.17,1,31
876,Listing 876,3121,Host111,Queens,Long Island City,40.65315,-73.86576,Private room,20.0,3,17,2023-06-15,0.58,2,92
877,Listing 877,8054,Host316,Queens,Flushing,40.84334,-73.70049,Entire home/apt,116.81,2,24,2023-06-15,0.53,3,51
878,Listing 878,7064,Host205,Bronx,Fordham,40.55779,-73.96846,Entire home/apt,40.7,7,17,2023-06-15,0.92,9,124
879,Listing 879,3042,Host281,Manhattan,Chelsea,40.54736,-73.78537,Entire home/apt,200.08,1,19,2023-06-15,0.23,5,331
880,Listing 880,6267,Host471,Queens,Astoria,40.86055,-74.01854,Entire home/apt,162.22,1,20,2023-06-15,0.51,2,131
881,Listing 881,6962,Host185,Staten Island,St. George,40.60749,-73.82178,Entire home/apt,199.54,1,20,2023-06-15,0.22,3,83
882,Listing 882,2716,Host283,Brooklyn,Bushwick,40.79805,-74.00553,Shared room,116.24,1,23,2023-06-15,0.44,5,273
883,Listing 883,7075,Host211,Brooklyn,Bedford-Stuyvesant,40.73666,-73.94132,Entire home/apt,166.05,30,8,2023-06-15,2.68,7,303
884,Listing 884,5908,Host288,Queens,Astoria,40.7947,-73.97454,Entire home/apt,154.16,1,20,2023-06-15,2.19,6,65
885,Listing 885,6447,Host359,Brooklyn,Williamsburg,40.679,-73.81824,Entire home/apt,179.29,3,20,2023-06-15,4.01,2,303
886,Listing 886,4956,Host410,Manhattan,SoHo,40.65365,-73.97326,Entire home/apt,242.84,1,23,2023-06-15,1.58,4,175
887,Listing 887,9262,Host315,Brooklyn,Bedford-Stuyvesant,40.6881,-73.74479,Entire home/apt,186.97,1,20,2023-06-15,0.6,1,219
888,Listing 888,5355,Host422,Manhattan,SoHo,40.54591,-73.79591,Private room,171.55,1,7,2023-06-15,4.04,7,301
889,Listing 889,7356,Host159,Manhattan,Upper West Side,40.80265,-73.94166,Private room,113.14,7,22,2023-06-15,1.87,5,268
890,Listing 890,3285,Host487,Manhattan,Chelsea,40.85099,-73.98034,Entire home/apt,258.89,3,25,2023-06-15,2.45,5,320
891,Listing 891,2637,Host335,Queens,Astoria,40.76827,-73.70629,Entire home/apt,124.74,1,17,2023-06-15,2.55,4,81
892,Listing 892,5042,Host70,Manhattan,Upper West Side,40.6092,-73.83074,Private room,128.53,5,23,2023-06-15,1.05,8,151
893,Listing 893,9339,Host144,Brooklyn,Bedford-Stuyvesant,40.65922,-73.93383,Entire home/apt,225.96,2,24,2023-06-15,1.21,1,185
894,Listing 894,6766,Host46,Brooklyn,Bedford-Stuyvesant,40.7873,-74.01112,Entire home/apt,225.55,1,17,2023-06-15,0.61,5,87
895,Listing 895,8820,Host131,Manhattan,Upper West Side,40.69225,-73.85375,Entire home/apt,208.15,5,23,2023-06-15,0.9,7,274
896,Listing 896,1375,Host158,Queens,Flushing,40.66591,-73.7502,Entire home/apt,152.99,3,26,2023-06-15,0.17,5,47
897,Listing 897,9125,Host388,Brooklyn,Park Slope,40.54096,-73.79194,Private room,76.18,2,18,2023-06-15,1.08,2,34
898,Listing 898,1518,Host269,Brooklyn,Bedford-Stuyvesant,40.65522,-73.98504,Entire home/apt,194.6,3,19,2023-06-15,0.79,6,331
899,Listing 899,6543,Host187,Manhattan,Harlem,40.60898,-73.8578,Entire home/apt,206.28,3,20,2023-06-15,4.12,5,154
900,Listing 900,2236,Host88,Manhattan,Upper West Side,40.71861,-73.90225,Private room,188.62,2,19,2023-06-15,1.36,9,131
901,Listing 901,5764,Host85,Queens,Astoria,40.61002,-74.00036,Private room,104.32,1,20,2023-06-15,0.6,7,258
902,Listing 902,3954,Host125,Manhattan,SoHo,40.8351,-73.8023,Entire home/apt,229.84,2,12,2023-06-15,2.67,3,192
903,Listing 903,4477,Host62,Queens,Long Island City,40.85437,-73.75334,Entire home/apt,181.81,1,22,2023-06-15,2.17,2,293
904,Listing 904,4051,Host203,Brooklyn,Bushwick,40.70406,-73.81631,Private room,102.67,1,18,2023-06-15,0.35,1,253
905,Listing 905,2003,Host12,Manhattan,Upper West Side,40.84044,-73.85497,Entire home/apt,238.83,1,22,2023-06-15,2.23,3,42
906,Listing 906,9564,Host319,Manhattan,Upper West Side,40.61111,-73.93456,Private room,176.76,3,20,2023-06-15,0.69,6,277
907,Listing 907,6488,Host402,Bronx,Fordham,40.76969,-73.90951,Entire home/apt,82.56,2,12,2023-06-15,0.34,9,226
908,Listing 908,1753,Host360,Bronx,Riverdale,40.50958,-73.78252,Entire home/apt,80.81,2,22,2023-06-15,0.28,2,91
909,Listing 909,3021,Host262,Brooklyn,Williamsburg,40.80901,-73.93636,Entire home/apt,202.84,3,26,2023-06-15,0.5,1,35
910,Listing 910,6307,Host402,Manhattan,Upper West Side,40.89178,-73.77097,Entire home/apt,199.88,1,25,2023-06-15,0.42,5,297
911,Listing 911,3737,Host301,Manhattan,Upper West Side,40.63817,-73.78647,Private room,142.08,2,17,2023-06-15,0.2,7,343
912,Listing 912,8250,Host181,Brooklyn,Bedford-Stuyvesant,40.58276,-73.77153,Entire home/apt,183.78,2,17,2023-06-15,2.53,6,122
913,Listing 913,8017,Host394,Queens,Flushing,40.68087,-73.77891,Private room,38.19,1,19,2023-06-15,3.79,8,16
914,Listing 914,2798,Host111,Brooklyn,Bushwick,40.76936,-73.84135,Entire home/apt,178.57,1,18,2023-06-15,0.57,1,130
915,Listing 915,7276,Host244,Manhattan,Chelsea,40.72136,-73.9232,Entire home/apt,274.26,1,26,2023-06-15,5.31,3,217
916,Listing 916,9276,Host214,Brooklyn,Park Slope,40.72,-73.9053,Private room,110.22,1,23,2023-06-15,1.14,4,150
917,Listing 917,4787,Host4,Bronx,Fordham,40.67987,-73.76801,Entire home/apt,96.12,1,17,2023-06-15,0.45,1,236
918,Listing 918,2104,Host247,Manhattan,Upper West Side,40.84473,-73.72316,Shared room,106.43,5,24,2023-06-15,0.37,3,306
919,Listing 919,3749,Host79,Staten Island,St. George,40.52934,-73.98146,Entire home/apt,125.57,2,24,2023-06-15,0.49,1,295
920,Listing 920,9306,Host100,Brooklyn,Bushwick,40.62903,-74.02636,Entire home/apt,245.86,1,21,2023-06-15,0.9,2,291
921,Listing 921,6246,Host312,Manhattan,Upper West Side,40.51327,-74.01342,Entire home/apt,200.98,1,20,2023-06-15,1.09,6,365
922,Listing 922,6620,Host463,Bronx,Fordham,40.80536,-74.01508,Private room,68.17,3,18,2023-06-15,0.54,2,304
923,Listing 923,3634,Host376,Manhattan,Chelsea,40.65567,-73.87927,Entire home/apt,237.53,30,16,2023-06-15,0.41,4,191
924,Listing 924,1098,Host241,Queens,Astoria,40.67098,-73.90638,Entire home/apt,127.81,30,20,2023-06-15,2.66,1,218
925,Listing 925,1413,Host15,Brooklyn,Park Slope,40.6156,-73.88601,Shared room,32.68,30,26,2023-06-15,0.66,5,308
926,Listing 926,2941,Host302,Manhattan,Chelsea,40.62555,-73.81053,Private room,94.66,1,19,2023-06-15,0.01,2,24
927,Listing 927,4139,Host320,Staten Island,St. George,40.81348,-74.01059,Entire home/apt,51.18,7,15,2023-06-15,5.09,2,181
928,Listing 928,1000,Host63,Bronx,Fordham,40.66353,-73.80753,Private room,67.93,1,26,2023-06-15,1.26,5,168
929,Listing 929,6161,Host354,Manhattan,Chelsea,40.71485,-73.97595,Private room,117.6,5,24,2023-06-15,0.75,9,126
930,Listing 930,8127,Host353,Manhattan,Upper West Side,40.64218,-73.95146,Entire home/apt,258.98,5,10,2023-06-15,0.55,1,335
931,Listing 931,2871,Host495,Bronx,Riverdale,40.62518,-73.84904,Entire home/apt,100.23,2,20,2023-06-15,0.28,1,320
932,Listing 932,4289,Host51,Brooklyn,Bedford-Stuyvesant,40.87629,-73.81779,Private room,170.12,5,25,2023-06-15,1.1,1,269
933,Listing 933,9177,Host36,Manhattan,Harlem,40.57591,-73.98459,Entire home/apt,177.83,2,22,2023-06-15,0.16,3,203
934,Listing 934,6938,Host496,Manhattan,SoHo,40.54488,-73.84941,Entire home/apt,273.41,3,19,2023-06-15,0.75,6,9
935,Listing 935,2649,Host21,Brooklyn,Williamsburg,40.85461,-73.8532,Entire home/apt,184.57,1,30,2023-06-15,0.48,2,189
936,Listing 936,3256,Host415,Manhattan,Chelsea,40.54846,-74.04787,Entire home/apt,270.81,2,17,2023-06-15,1.83,6,107
937,Listing 937,2154,Host93,Queens,Long Island City,40.56889,-73.78322,Entire home/apt,116.45,30,24,2023-06-15,0.34,6,0
938,Listing 938,5760,Host350,Manhattan,Upper West Side,40.77209,-73.94768,Private room,73.64,1,22,2023-06-15,0.29,6,191
939,Listing 939,3959,Host323,Brooklyn,Park Slope,40.58461,-73.9123,Private room,81.5,1,16,2023-06-15,1.96,4,189
940,Listing 940,2299,Host306,Manhattan,Chelsea,40.61965,-73.83068,Private room,155.17,5,20,2023-06-15,0.45,5,257
941,Listing 941,3482,Host426,Manhattan,SoHo,40.62854,-73.70365,Entire home/apt,168.22,1,20,2023-06-15,0.68,5,335
942,Listing 942,5021,Host317,Staten Island,St. George,40.83688,-73.82314,Private room,51.62,2,21,2023-06-15,0.26,9,172
943,Listing 943,3919,Host173,Manhattan,Upper West Side,40.60209,-74.01876,Entire home/apt,184.03,1,19,2023-06-15,0.29,5,268
944,Listing 944,8902,Host20,Brooklyn,Williamsburg,40.79342,-73.9038,Entire home/apt,152.09,2,17,2023-06-15,1.04,3,289
945,Listing 945,8987,Host286,Manhattan,SoHo,40.78992,-74.02917,Private room,125.75,2,25,2023-06-15,0.16,9,330
946,Listing 946,7322,Host421,Manhattan,SoHo,40.53419,-73.91654,Private room,167.55,5,27,2023-06-15,1.21,8,268
947,Listing 947,2017,Host82,Brooklyn,Bedford-Stuyvesant,40.51258,-73.80658,Entire home/apt,137.73,2,21,2023-06-15,0.39,3,3
948,Listing 948,4680,Host276,Manhattan,Chelsea,40.84649,-73.73835,Entire home/apt,225.68,1,17,2023-06-15,1.26,6,20
949,Listing 949,7327,Host227,Manhattan,Harlem,40.66786,-74.0162,Private room,170.71,1,20,2023-06-15,0.1,3,71
950,Listing 950,5835,Host299,Manhattan,Upper West Side,40.78752,-73.97463,Entire home/apt,312.34,3,25,2023-06-15,1.65,2,195
951,Listing 951,9657,Host429,Queens,Astoria,40.77736,-73.72903,Entire home/apt,154.7,1,15,2023-06-15,0.73,2,162
952,Listing 952,1777,Host239,Queens,Astoria,40.81751,-73.95682,Entire home/apt,79.6,2,22,2023-06-15,0.71,4,188
953,Listing 953,6885,Host130,Queens,Astoria,40.80128,-73.94698,Entire home/apt,130.45,3,23,2023-06-15,1.57,7,133
954,Listing 954,9491,Host115,Brooklyn,Bedford-Stuyvesant,40.59104,-73.70444,Private room,63.47,2,23,2023-06-15,0.35,4,71
955,Listing 955,5000,Host74,Bronx,Fordham,40.58081,-73.77281,Private room,64.09,3,20,2023-06-15,1.13,6,302
956,Listing 956,2104,Host251,Manhattan,Chelsea,40.52892,-73.78968,Entire home/apt,216.0,3,11,2023-06-15,0.11,4,239
957,Listing 957,9123,Host202,Manhattan,SoHo,40.62242,-73.97377,Private room,153.3,1,22,2023-06-15,0.36,3,14
958,Listing 958,2946,Host344,Brooklyn,Park Slope,40.51192,-73.85283,Entire home/apt,186.35,3,18,2023-06-15,0.87,8,173
959,Listing 959,7451,Host142,Manhattan,Upper West Side,40.84983,-73.97533,Entire home/apt,273.51,1,15,2023-06-15,0.65,5,223
960,Listing 960,5224,Host135,Queens,Long Island City,40.61963,-73.92429,Private room,89.62,3,21,2023-06-15,0.57,2,245
961,Listing 961,5398,Host405,Brooklyn,Bushwick,40.55447,-73.96237,Private room,177.71,2,24,2023-06-15,4.96,3,305
962,Listing 962,6748,Host118,Manhattan,Chelsea,40.88217,-73.90522,Shared room,72.69,7,25,2023-06-15,1.35,3,313
963,Listing 963,9117,Host215,Brooklyn,Bedford-Stuyvesant,40.73711,-73.73633,Entire home/apt,202.66,1,20,2023-06-15,1.13,7,30
964,Listing 964,3339,Host375,Manhattan,Harlem,40.8169,-73.7135,Entire home/apt,265.01,2,20,2023-06-15,0.96,1,109
965,Listing 965,6701,Host196,Brooklyn,Williamsburg,40.5443,-73.92663,Shared room,24.09,1,18,2023-06-15,0.43,3,155
966,Listing 966,6691,Host74,Bronx,Riverdale,40.59592,-73.73785,Shared room,20.0,30,24,2023-06-15,3.77,7,308
967,Listing 967,8259,Host113,Brooklyn,Bedford-Stuyvesant,40.71101,-73.93302,Entire home/apt,150.72,1,24,2023-06-15,0.76,7,145
968,Listing 968,2561,Host115,Manhattan,Upper West Side,40.55588,-73.75141,Shared room,24.67,1,23,2023-06-15,2.12,9,96
969,Listing 969,5496,Host143,Manhattan,Upper West Side,40.62109,-73.94637,Shared room,160.99,2,32,2023-06-15,0.37,9,286
970,Listing 970,4178,Host497,Queens,Flushing,40.70706,-73.99142,Private room,29.07,30,18,2023-06-15,0.82,3,206
971,Listing 971,9793,Host320,Manhattan,Harlem,40.76779,-73.93595,Private room,193.19,2,17,2023-06-15,1.74,3,218
972,Listing 972,5741,Host399,Manhattan,SoHo,40.7725,-73.82404,Entire home/apt,309.23,3,28,2023-06-15,1.14,3,215
973,Listing 973,2691,Host178,Brooklyn,Park Slope,40.52955,-73.94993,Entire home/apt,208.92,1,22,2023-06-15,0.91,6,219
974,Listing 974,8269,Host44,Brooklyn,Bedford-Stuyvesant,40.60614,-73.94149,Entire home/apt,175.8,2,16,2023-06-15,0.11,4,69
975,Listing 975,8607,Host177,Queens,Astoria,40.85726,-73.93015,Entire home/apt,82.76,30,25,2023-06-15,0.08,7,342
976,Listing 976,8654,Host111,Brooklyn,Park Slope,40.87822,-74.01024,Shared room,52.46,5,14,2023-06-15,1.53,6,64
977,Listing 977,4091,Host215,Brooklyn,Bedford-Stuyvesant,40.5373,-73.72769,Entire home/apt,136.61,1,20,2023-06-15,0.14,4,256
978,Listing 978,7732,Host314,Bronx,Riverdale,40.51729,-73.70899,Entire home/apt,114.33,1,30,2023-06-15,0.01,6,111
979,Listing 979,5364,Host236,Queens,Astoria,40.8836,-73.82644,Entire home/apt,134.06,5,20,2023-06-15,4.54,2,106
980,Listing 980,6717,Host44,Brooklyn,Bedford-Stuyvesant,40.60215,-73.74045,Entire home/apt,117.65,1,22,2023-06-15,0.77,7,136
981,Listing 981,4104,Host260,Manhattan,Harlem,40.67108,-73.82561,Private room,190.12,7,25,2023-06-15,1.24,9,169
982,Listing 982,7654,Host488,Brooklyn,Williamsburg,40.89954,-73.84727,Private room,64.8,1,21,2023-06-15,0.04,4,276
983,Listing 983,7376,Host474,Manhattan,Upper West Side,40.59324,-73.7794,Entire home/apt,253.06,1,18,2023-06-15,0.38,8,240
984,Listing 984,4870,Host303,Manhattan,Upper West Side,40.82679,-73.82125,Entire home/apt,202.22,5,29,2023-06-15,0.22,3,49
985,Listing 985,7348,Host91,Staten Island,Tottenville,40.54252,-73.73264,Private room,22.56,30,15,2023-06-15,0.48,3,364
986,Listing 986,1543,Host317,Manhattan,Chelsea,40.75398,-73.91447,Private room,100.8,7,33,2023-06-15,0.3,3,237
987,Listing 987,9086,Host99,Brooklyn,Bedford-Stuyvesant,40.87298,-73.99862,Private room,43.64,3,27,2023-06-15,0.54,4,145
988,Listing 988,4325,Host64,Queens,Long Island City,40.57299,-73.83529,Private room,83.12,2,29,2023-06-15,2.6,8,102
989,Listing 989,1888,Host87,Brooklyn,Bushwick,40.76911,-73.7264,Entire home/apt,172.43,5,17,2023-06-15,0.1,6,218
990,Listing 990,4395,Host441,Manhattan,Upper West Side,40.71506,-73.84241,Entire home/apt,235.75,2,13,2023-06-15,0.06,2,91
991,Listing 991,8319,Host57,Brooklyn,Bushwick,40.58775,-73.79302,Entire home/apt,88.91,3,19,2023-06-15,0.76,6,317
992,Listing 992,3284,Host381,Manhattan,Harlem,40.63441,-74.02651,Private room,88.25,2,19,2023-06-15,0.55,6,64
993,Listing 993,5022,Host381,Queens,Long Island City,40.70365,-73.85557,Entire home/apt,80.67,5,20,2023-06-15,1.19,7,13
994,Listing 994,8048,Host41,Queens,Flushing,40.75262,-74.02245,Entire home/apt,102.39,2,16,2023-06-15,3.39,1,271
995,Listing 995,4266,Host42,Brooklyn,Bedford-Stuyvesant,40.54377,-73.95534,Entire home/apt,109.32,1,19,2023-06-15,0.03,2,167
996,Listing 996,2841,Host76,Brooklyn,Williamsburg,40.88491,-73.96777,Private room,67.47,1,14,2023-06-15,1.55,7,124
997,Listing 997,2238,Host352,Manhattan,Harlem,40.67257,-73.74557,Entire home/apt,154.21,5,25,2023-06-15,3.54,4,264
998,Listing 998,1225,Host185,Brooklyn,Park Slope,40.61513,-73.96306,Entire home/apt,172.31,3,15,2023-06-15,5.16,2,215
999,Listing 999,7729,Host306,Staten Island,St. George,40.77637,-73.90253,Private room,20.24,5,24,2023-06-15,1.16,5,147
1000,Listing 1000,9983,Host79,Brooklyn,Bushwick,40.61661,-73.96796,Private room,143.62,2,14,2023-06-15,0.0,9,310
1001,Listing 1001,6413,Host86,Brooklyn,Bedford-Stuyvesant,40.85302,-73.96788,Entire home/apt,245.34,1,23,2023-06-15,0.75,4,212
1002,Listing 1002,4156,Host4,Manhattan,Upper West Side,40.59108,-74.01538,Private room,171.06,2,14,2023-06-15,1.58,9,41
1003,Listing 1003,4493,Host67,Manhattan,Harlem,40.5982,-73.82195,Private room,82.25,5,19,2023-06-15,1.27,1,192
1004,Listing 1004,2705,Host6,Brooklyn,Bushwick,40.64262,-73.7585,Private room,50.44,1,17,2023-06-15,1.0,3,268
1005,Listing 1005,9257,Host461,Brooklyn,Bedford-Stuyvesant,40.87362,-73.75102,Entire home/apt,225.95,1,14,2023-06-15,0.31,2,55
1006,Listing 1006,9036,Host429,Brooklyn,Bushwick,40.64247,-73.91968,Entire home/apt,122.64,1,22,2023-06-15,2.24,8,175
1007,Listing 1007,4335,Host186,Brooklyn,Williamsburg,40.72687,-73.73523,Entire home/apt,180.28,7,22,2023-06-15,0.11,2,63
1008,Listing 1008,4088,Host443,Brooklyn,Bushwick,40.84898,-73.74316,Entire home/apt,226.71,3,22,2023-06-15,0.55,7,357
1009,Listing 1009,8592,Host394,Brooklyn,Bedford-Stuyvesant,40.66427,-73.95212,Entire home/apt,176.77,2,23,2023-06-15,1.0,2,302
1010,Listing 1010,1891,Host469,Queens,Flushing,40.75491,-73.7743,Entire home/apt,71.96,3,16,2023-06-15,1.55,5,168
1011,Listing 1011,5154,Host219,Queens,Long Island City,40.65358,-73.78019,Entire home/apt,86.44,1,16,2023-06-15,0.99,8,88
1012,Listing 1012,7496,Host301,Bronx,Riverdale,40.63402,-73.77751,Entire home/apt,129.27,5,19,2023-06-15,1.65,9,197
1013,Listing 1013,4481,Host437,Manhattan,Upper West Side,40.75903,-74.04874,Private room,186.26,1,20,2023-06-15,0.08,6,118
1014,Listing 1014,5999,Host243,Brooklyn,Bedford-Stuyvesant,40.511,-74.02735,Shared room,20.0,3,17,2023-06-15,0.28,4,216
1015,Listing 1015,8881,Host280,Manhattan,Upper West Side,40.70143,-73.98339,Entire home/apt,174.91,5,21,2023-06-15,1.89,3,325
1016,Listing 1016,8645,Host255,Manhattan,Upper West Side,40.61177,-73.96564,Entire home/apt,256.73,2,29,2023-06-15,1.3,9,244
1017,Listing 1017,2151,Host195,Queens,Astoria,40.59039,-73.82026,Entire home/apt,147.5,1,11,2023-06-15,3.19,2,253
1018,Listing 1018,9722,Host91,Queens,Flushing,40.79903,-73.79431,Entire home/apt,145.21,1,21,2023-06-15,3.15,4,222
1019,Listing 1019,2123,Host499,Bronx,Riverdale,40.83245,-73.95129,Entire home/apt,98.31,2,19,2023-06-15,0.43,7,80
1020,Listing 1020,9697,Host121,Manhattan,SoHo,40.6072,-74.03118,Entire home/apt,278.85,7,23,2023-06-15,3.39,3,55
1021,Listing 1021,6435,Host365,Manhattan,Upper West Side,40.74765,-74.03824,Private room,160.22,1,21,2023-06-15,0.46,7,198
1022,Listing 1022,1659,Host166,Bronx,Fordham,40.84018,-73.99917,Entire home/apt,67.39,1,28,2023-06-15,0.93,8,322
1023,Listing 1023,6073,Host2,Staten Island,Tottenville,40.50856,-73.71954,Private room,85.56,1,16,2023-06-15,3.04,7,192
1024,Listing 1024,1131,Host93,Brooklyn,Bushwick,40.52087,-73.72127,Private room,69.16,1,15,2023-06-15,0.81,1,142
1025,Listing 1025,6303,Host45,Queens,Astoria,40.79848,-73.70344,Private room,54.75,30,20,2023-06-15,5.56,5,315
1026,Listing 1026,4683,Host214,Manhattan,SoHo,40.84948,-73.77369,Entire home/apt,175.8,3,21,2023-06-15,2.47,8,181
1027,Listing 1027,4795,Host447,Brooklyn,Bushwick,40.78201,-73.95736,Entire home/apt,219.19,1,22,2023-06-15,0.73,4,289
1028,Listing 1028,2359,Host19,Manhattan,Chelsea,40.7079,-73.81137,Private room,185.06,2,16,2023-06-15,0.99,9,355
1029,Listing 1029,7467,Host206,Brooklyn,Bedford-Stuyvesant,40.58423,-73.86851,Entire home/apt,139.35,2,16,2023-06-15,1.64,5,198
1030,Listing 1030,6617,Host172,Manhattan,SoHo,40.7462,-74.00501,Private room,167.31,2,20,2023-06-15,0.06,7,268
1031,Listing 1031,5864,Host156,Queens,Long Island City,40.64542,-73.70184,Entire home/apt,168.66,2,20,2023-06-15,1.99,5,286
1032,Listing 1032,5804,Host476,Manhattan,SoHo,40.79666,-73.87521,Private room,133.33,2,13,2023-06-15,0.34,9,103
1033,Listing 1033,3106,Host358,Bronx,Fordham,40.62681,-73.97528,Entire home/apt,76.12,7,27,2023-06-15,0.18,5,47
1034,Listing 1034,1479,Host415,Manhattan,Upper West Side,40.58766,-73.79774,Private room,146.24,2,21,2023-06-15,0.28,6,195
1035,Listing 1035,9508,Host479,Manhattan,SoHo,40.76273,-73.82117,Entire home/apt,218.45,1,22,2023-06-15,0.29,2,97
1036,Listing 1036,1042,Host242,Manhattan,SoHo,40.55834,-73.71581,Private room,160.35,1,13,2023-06-15,2.05,1,86
1037,Listing 1037,6828,Host232,Bronx,Riverdale,40.73698,-73.78443,Shared room,29.5,1,21,2023-06-15,1.75,1,282
1038,Listing 1038,7687,Host212,Manhattan,Harlem,40.81626,-73.806,Entire home/apt,292.87,30,17,2023-06-15,0.3,7,88
1039,Listing 1039,5721,Host252,Manhattan,Harlem,40.73255,-73.73197,Private room,146.45,5,27,2023-06-15,4.05,9,249
1040,Listing 1040,4749,Host42,Queens,Astoria,40.60922,-73.73203,Entire home/apt,85.62,2,19,2023-06-15,0.45,4,137
1041,Listing 1041,5124,Host144,Manhattan,Chelsea,40.65886,-73.84035,Entire home/apt,212.28,1,20,2023-06-15,0.04,7,355
1042,Listing 1042,8216,Host449,Manhattan,Harlem,40.74982,-73.71296,Entire home/apt,206.12,5,19,2023-06-15,0.16,3,78
1043,Listing 1043,7191,Host435,Manhattan,Upper West Side,40.55855,-74.00108,Entire home/apt,264.89,2,17,2023-06-15,0.09,3,33
1044,Listing 1044,2732,Host191,Brooklyn,Park Slope,40.86549,-73.75848,Private room,118.71,1,18,2023-06-15,0.02,6,103
1045,Listing 1045,8219,Host1,Manhattan,Harlem,40.8629,-73.95761,Private room,72.97,1,19,2023-06-15,0.85,7,7
1046,Listing 1046,5368,Host422,Manhattan,Chelsea,40.51543,-74.04377,Entire home/apt,240.3,2,16,2023-06-15,1.55,4,353
1047,Listing 1047,8876,Host216,Queens,Long Island City,40.83526,-73.86949,Private room,57.07,1,28,2023-06-15,2.33,3,64
1048,Listing 1048,8935,Host116,Queens,Flushing,40.54341,-73.86636,Entire home/apt,101.68,3,18,2023-06-15,3.26,6,138
1049,Listing 1049,4887,Host31,Manhattan,SoHo,40.5144,-73.75895,Entire home/apt,181.5,2,18,2023-06-15,0.09,6,168
1050,Listing 1050,4171,Host144,Brooklyn,Park Slope,40.86689,-73.77665,Entire home/apt,178.66,1,30,2023-06-15,1.27,2,77
1051,Listing 1051,2258,Host287,Manhattan,SoHo,40.80136,-73.71022,Entire home/apt,271.66,3,12,2023-06-15,1.25,8,278
1052,Listing 1052,5711,Host436,Manhattan,Upper West Side,40.80769,-73.79705,Private room,138.06,7,28,2023-06-15,0.88,3,213
1053,Listing 1053,5576,Host61,Queens,Flushing,40.50368,-73.97992,Private room,87.83,1,25,2023-06-15,0.4,2,342
1054,Listing 1054,5487,Host206,Manhattan,SoHo,40.76389,-73.8487,Private room,84.32,1,16,2023-06-15,0.09,3,191
1055,Listing 1055,7773,Host250,Manhattan,Chelsea,40.53579,-73.82181,Entire home/apt,292.22,2,18,2023-06-15,0.83,3,145
1056,Listing 1056,9956,Host166,Queens,Long Island City,40.63474,-74.01359,Private room,47.73,2,19,2023-06-15,1.03,5,188
1057,Listing 1057,9002,Host476,Brooklyn,Bushwick,40.53986,-73.90335,Private room,149.84,5,26,2023-06-15,1.03,6,200
1058,Listing 1058,4873,Host101,Manhattan,SoHo,40.67969,-73.89876,Entire home/apt,183.49,2,13,2023-06-15,1.34,8,247
1059,Listing 1059,3392,Host17,Brooklyn,Williamsburg,40.55868,-73.75568,Entire home/apt,170.87,1,26,2023-06-15,0.96,2,87
1060,Listing 1060,8861,Host352,Manhattan,SoHo,40.71823,-73.98705,Private room,120.56,1,28,2023-06-15,1.2,4,136
1061,Listing 1061,5779,Host230,Manhattan,SoHo,40.79911,-73.95144,Private room,217.05,1,18,2023-06-15,4.16,3,266
1062,Listing 1062,6896,Host476,Brooklyn,Bedford-Stuyvesant,40.66241,-73.92052,Shared room,21.54,5,15,2023-06-15,1.55,7,260
1063,Listing 1063,6301,Host166,Manhattan,Chelsea,40.613,-73.93679,Private room,85.91,1,18,2023-06-15,0.53,7,217
1064,Listing 1064,1899,Host406,Brooklyn,Park Slope,40.51152,-73.90481,Private room,113.61,2,19,2023-06-15,0.44,6,227
1065,Listing 1065,5901,Host208,Queens,Flushing,40.764,-73.94886,Private room,73.54,1,15,2023-06-15,2.48,8,57
1066,Listing 1066,2096,Host467,Manhattan,Upper West Side,40.83295,-73.81627,Entire home/apt,172.33,3,23,2023-06-15,0.59,3,144
1067,Listing 1067,1687,Host376,Queens,Flushing,40.64099,-73.77904,Entire home/apt,154.06,1,22,2023-06-15,3.23,9,308
1068,Listing 1068,3563,Host299,Manhattan,Harlem,40.89158,-73.92222,Shared room,65.38,2,26,2023-06-15,0.17,4,170
1069,Listing 1069,1749,Host173,Brooklyn,Park Slope,40.72601,-73.88612,Entire home/apt,187.0,5,25,2023-06-15,0.74,3,124
1070,Listing 1070,4816,Host428,Brooklyn,Bushwick,40.85775,-73.86643,Entire home/apt,145.42,1,21,2023-06-15,2.34,8,60
1071,Listing 1071,5089,Host113,Staten Island,St. George,40.50069,-74.01582,Shared room,70.94,1,23,2023-06-15,2.7,9,338
1072,Listing 1072,2845,Host493,Brooklyn,Bedford-Stuyvesant,40.68646,-73.97688,Entire home/apt,182.54,7,26,2023-06-15,0.12,4,313
1073,Listing 1073,8543,Host204,Brooklyn,Bushwick,40.82685,-73.7294,Entire home/apt,166.38,1,30,2023-06-15,0.1,7,342
1074,Listing 1074,1303,Host115,Bronx,Riverdale,40.58377,-73.71789,Private room,99.02,1,27,2023-06-15,0.83,6,267
1075,Listing 1075,8466,Host248,Manhattan,Harlem,40.59892,-73.96897,Private room,261.22,7,21,2023-06-15,0.93,1,140
1076,Listing 1076,3997,Host175,Queens,Long Island City,40.5869,-74.0272,Private room,91.8,3,23,2023-06-15,1.26,6,17
1077,Listing 1077,7345,Host225,Manhattan,SoHo,40.77139,-73.7634,Entire home/apt,237.55,2,20,2023-06-15,0.02,4,18
1078,Listing 1078,8436,Host125,Manhattan,Chelsea,40.82383,-73.71449,Entire home/apt,238.57,1,14,2023-06-15,0.47,7,346
1079,Listing 1079,3565,Host334,Brooklyn,Bedford-Stuyvesant,40.73139,-73.70434,Entire home/apt,137.47,1,19,2023-06-15,0.24,3,227
1080,Listing 1080,1163,Host239,Manhattan,Upper West Side,40.83812,-73.80628,Private room,92.68,3,24,2023-06-15,0.07,8,192
1081,Listing 1081,2070,Host115,Manhattan,Chelsea,40.8957,-73.78064,Entire home/apt,270.27,7,23,2023-06-15,0.89,2,178
1082,Listing 1082,7192,Host275,Brooklyn,Bedford-Stuyvesant,40.73445,-73.94565,Entire home/apt,185.23,1,25,2023-06-15,0.55,6,295
1083,Listing 1083,5390,Host68,Manhattan,Upper West Side,40.75832,-73.94372,Private room,142.9,5,21,2023-06-15,0.36,2,295
1084,Listing 1084,9075,Host41,Brooklyn,Bedford-Stuyvesant,40.7442,-73.97133,Private room,99.22,2,22,2023-06-15,1.16,6,242
1085,Listing 1085,8769,Host213,Manhattan,Harlem,40.57329,-74.0469,Entire home/apt,231.52,1,20,2023-06-15,0.81,2,181
1086,Listing 1086,4176,Host242,Brooklyn,Park Slope,40.56836,-73.89854,Private room,23.57,1,18,2023-06-15,2.61,4,169
1087,Listing 1087,9368,Host405,Manhattan,Harlem,40.75546,-73.99013,Shared room,71.41,5,20,2023-06-15,1.11,4,365
1088,Listing 1088,1584,Host327,Manhattan,SoHo,40.84093,-73.70244,Shared room,72.07,5,25,2023-06-15,3.07,6,82
1089,Listing 1089,7444,Host306,Staten Island,Tottenville,40.82211,-74.00121,Entire home/apt,182.0,2,26,2023-06-15,0.57,4,22
1090,Listing 1090,4168,Host281,Manhattan,SoHo,40.5839,-73.93509,Private room,141.13,5,23,2023-06-15,0.09,9,324
1091,Listing 1091,5863,Host455,Manhattan,Chelsea,40.63228,-74.04476,Private room,187.18,1,17,2023-06-15,2.85,7,6
1092,Listing 1092,4560,Host177,Manhattan,Harlem,40.80287,-74.0138,Private room,163.71,1,19,2023-06-15,0.82,3,260
1093,Listing 1093,5723,Host445,Bronx,Fordham,40.73294,-73.88704,Private room,51.7,3,23,2023-06-15,0.18,1,330
1094,Listing 1094,9989,Host425,Manhattan,Chelsea,40.86782,-73.8212,Entire home/apt,175.21,1,20,2023-06-15,0.49,3,100
1095,Listing 1095,3156,Host265,Brooklyn,Park Slope,40.84031,-73.96005,Private room,45.0,2,20,2023-06-15,1.29,9,151
1096,Listing 1096,7073,Host361,Brooklyn,Bushwick,40.63891,-73.98454,Private room,139.6,1,22,2023-06-15,0.67,1,365
1097,Listing 1097,9583,Host319,Queens,Astoria,40.70873,-74.00076,Private room,20.1,1,20,2023-06-15,0.75,2,116
1098,Listing 1098,6389,Host490,Queens,Astoria,40.84372,-74.00286,Entire home/apt,74.46,5,26,2023-06-15,1.29,4,320
1099,Listing 1099,5680,Host479,Manhattan,Chelsea,40.61706,-73.90158,Entire home/apt,265.03,2,21,2023-06-15,0.01,2,267
1100,Listing 1100,3458,Host140,Brooklyn,Bedford-Stuyvesant,40.52666,-73.73562,Entire home/apt,151.98,1,21,2023-06-15,0.18,3,316
1101,Listing 1101,9368,Host489,Manhattan,Upper West Side,40.85171,-73.77728,Entire home/apt,269.7,1,23,2023-06-15,0.24,7,22
1102,Listing 1102,3839,Host245,Brooklyn,Park Slope,40.80736,-73.78472,Entire home/apt,117.88,2,24,2023-06-15,2.56,5,271
1103,Listing 1103,8210,Host468,Brooklyn,Bushwick,40.7066,-73.88051,Entire home/apt,180.67,2,17,2023-06-15,0.62,1,335
1104,Listing 1104,9977,Host234,Bronx,Fordham,40.85026,-74.012,Entire home/apt,111.88,3,15,2023-06-15,0.25,2,179
1105,Listing 1105,2098,Host344,Brooklyn,Park Slope,40.72376,-73.72354,Entire home/apt,172.48,1,15,2023-06-15,2.23,5,71
1106,Listing 1106,5401,Host46,Manhattan,Upper West Side,40.7576,-73.70192,Entire home/apt,225.28,1,20,2023-06-15,2.95,1,61
1107,Listing 1107,9828,Host301,Manhattan,SoHo,40.7202,-73.94245,Entire home/apt,228.95,2,27,2023-06-15,0.5,2,271
1108,Listing 1108,4094,Host418,Brooklyn,Bedford-Stuyvesant,40.71395,-73.85558,Private room,72.95,1,15,2023-06-15,1.93,7,273
1109,Listing 1109,9041,Host132,Manhattan,Chelsea,40.54536,-73.8982,Private room,186.11,2,21,2023-06-15,5.71,3,136
1110,Listing 1110,7030,Host452,Manhattan,Harlem,40.80876,-73.86917,Private room,150.65,2,23,2023-06-15,1.01,9,125
1111,Listing 1111,4055,Host95,Manhattan,Upper West Side,40.57973,-74.02716,Entire home/apt,234.27,5,26,2023-06-15,0.87,9,45
1112,Listing 1112,9506,Host436,Queens,Flushing,40.84356,-73.73646,Entire home/apt,140.5,7,26,2023-06-15,0.71,1,331
1113,Listing 1113,9456,Host333,Brooklyn,Bushwick,40.78578,-73.90915,Entire home/apt,92.71,1,20,2023-06-15,4.39,7,86
1114,Listing 1114,5723,Host118,Manhattan,Harlem,40.69431,-73.87457,Private room,149.78,1,21,2023-06-15,0.71,2,155
1115,Listing 1115,2187,Host62,Brooklyn,Williamsburg,40.55274,-73.87231,Entire home/apt,124.83,3,22,2023-06-15,0.72,2,308
1116,Listing 1116,1915,Host478,Queens,Long Island City,40.7051,-73.72425,Entire home/apt,85.18,3,21,2023-06-15,1.31,4,262
1117,Listing 1117,5290,Host251,Brooklyn,Bushwick,40.73748,-74.02648,Private room,84.58,3,23,2023-06-15,2.68,3,181
1118,Listing 1118,5904,Host348,Brooklyn,Williamsburg,40.83694,-73.9504,Private room,124.95,2,14,2023-06-15,1.58,2,304
1119,Listing 1119,3808,Host28,Brooklyn,Park Slope,40.79536,-73.77902,Private room,98.43,2,23,2023-06-15,2.05,9,244
1120,Listing 1120,3841,Host335,Brooklyn,Williamsburg,40.53421,-73.74596,Private room,80.79,1,16,2023-06-15,1.0,8,351
1121,Listing 1121,2419,Host316,Manhattan,Upper West Side,40.52766,-73.92822,Entire home/apt,292.47,1,22,2023-06-15,0.41,1,195
1122,Listing 1122,8750,Host327,Manhattan,Harlem,40.8692,-73.93596,Entire home/apt,163.56,3,16,2023-06-15,0.47,9,204
1123,Listing 1123,4907,Host277,Brooklyn,Bushwick,40.50733,-73.96227,Private room,100.23,1,16,2023-06-15,1.05,2,181
1124,Listing 1124,6714,Host400,Manhattan,Chelsea,40.80433,-73.88012,Private room,167.72,1,14,2023-06-15,0.18,1,80
1125,Listing 1125,6140,Host319,Brooklyn,Williamsburg,40.66879,-73.74466,Entire home/apt,193.99,1,22,2023-06-15,0.92,8,270
1126,Listing 1126,6060,Host262,Bronx,Riverdale,40.67266,-73.93372,Entire home/apt,21.18,2,20,2023-06-15,0.21,2,235
1127,Listing 1127,9885,Host319,Manhattan,Chelsea,40.70432,-73.85888,Entire home/apt,212.78,5,15,2023-06-15,2.63,8,224
1128,Listing 1128,1810,Host97,Brooklyn,Park Slope,40.65945,-73.78459,Private room,20.0,3,15,2023-06-15,1.38,8,277
1129,Listing 1129,3906,Host211,Brooklyn,Williamsburg,40.76844,-73.71473,Private room,162.33,3,17,2023-06-15,0.04,8,26
1130,Listing 1130,2064,Host238,Queens,Astoria,40.60895,-73.75878,Entire home/apt,107.96,1,24,2023-06-15,2.56,4,287
1131,Listing 1131,9455,Host433,Manhattan,Harlem,40.68874,-73.7459,Private room,142.66,2,20,2023-06-15,0.21,3,85
1132,Listing 1132,6888,Host135,Brooklyn,Williamsburg,40.64204,-73.87652,Entire home/apt,198.41,5,24,2023-06-15,2.65,4,263
1133,Listing 1133,3321,Host344,Brooklyn,Park Slope,40.77676,-74.03984,Entire home/apt,212.5,2,28,2023-06-15,1.14,7,137
1134,Listing 1134,3792,Host421,Brooklyn,Bedford-Stuyvesant,40.85317,-73.84971,Entire home/apt,95.02,5,20,2023-06-15,0.29,4,175
1135,Listing 1135,7773,Host282,Manhattan,SoHo,40.66006,-73.8425,Private room,87.99,2,17,2023-06-15,1.33,6,154
1136,Listing 1136,1025,Host23,Staten Island,St. George,40.84648,-73.74102,Entire home/apt,77.02,1,19,2023-06-15,0.19,6,208
1137,Listing 1137,5980,Host265,Bronx,Riverdale,40.73879,-73.85083,Entire home/apt,85.03,1,20,2023-06-15,0.25,1,179
1138,Listing 1138,6319,Host160,Brooklyn,Park Slope,40.60666,-73.7053,Entire home/apt,199.6,7,13,2023-06-15,0.38,2,188
1139,Listing 1139,6136,Host453,Staten Island,St. George,40.51407,-74.02913,Private room,69.6,1,12,2023-06-15,1.25,3,296
1140,Listing 1140,8838,Host446,Brooklyn,Williamsburg,40.71168,-73.89272,Entire home/apt,147.67,2,17,2023-06-15,0.06,4,82
1141,Listing 1141,7974,Host128,Brooklyn,Bushwick,40.8806,-73.79999,Entire home/apt,168.85,1,17,2023-06-15,0.1,8,24
1142,Listing 1142,8097,Host233,Manhattan,SoHo,40.58411,-74.01929,Entire home/apt,238.31,1,24,2023-06-15,0.06,5,123
1143,Listing 1143,1727,Host384,Manhattan,Chelsea,40.64083,-73.83788,Private room,146.55,1,19,2023-06-15,0.21,9,72
1144,Listing 1144,2756,Host139,Staten Island,St. George,40.7142,-73.74977,Entire home/apt,112.41,1,20,2023-06-15,2.37,4,265
1145,Listing 1145,8483,Host340,Brooklyn,Williamsburg,40.55904,-73.9279,Private room,113.01,5,27,2023-06-15,1.16,5,275
1146,Listing 1146,7185,Host333,Brooklyn,Bedford-Stuyvesant,40.73106,-73.89647,Shared room,55.4,1,15,2023-06-15,1.98,1,106
1147,Listing 1147,1604,Host181,Manhattan,Upper West Side,40.88674,-73.81524,Entire home/apt,164.36,1,29,2023-06-15,0.16,5,61
1148,Listing 1148,4754,Host156,Brooklyn,Williamsburg,40.81806,-73.90672,Entire home/apt,200.43,1,16,2023-06-15,1.17,2,227
1149,Listing 1149,6546,Host395,Manhattan,Chelsea,40.71586,-74.01947,Entire home/apt,172.96,3,19,2023-06-15,4.39,8,256
1150,Listing 1150,2225,Host63,Brooklyn,Bushwick,40.59665,-73.80789,Private room,153.92,1,32,2023-06-15,2.14,4,216
1151,Listing 1151,6305,Host48,Staten Island,St. George,40.63407,-73.93241,Private room,67.01,2,15,2023-06-15,0.39,4,112
1152,Listing 1152,2943,Host75,Brooklyn,Williamsburg,40.73444,-73.77604,Entire home/apt,140.33,3,16,2023-06-15,1.24,9,139
1153,Listing 1153,5936,Host6,Staten Island,St. George,40.71007,-73.75784,Entire home/apt,58.51,1,17,2023-06-15,0.1,8,281
1154,Listing 1154,6609,Host142,Manhattan,SoHo,40.89544,-74.04224,Entire home/apt,254.43,1,19,2023-06-15,1.33,8,351
1155,Listing 1155,9526,Host252,Staten Island,Tottenville,40.69124,-73.81419,Private room,53.32,2,17,2023-06-15,0.29,3,103
1156,Listing 1156,7990,Host117,Manhattan,Chelsea,40.51621,-73.82035,Private room,163.09,5,16,2023-06-15,0.47,9,254
1157,Listing 1157,4733,Host360,Queens,Long Island City,40.64941,-73.82884,Private room,92.72,2,17,2023-06-15,0.97,4,268
1158,Listing 1158,4477,Host155,Manhattan,Chelsea,40.74913,-73.99649,Private room,167.59,5,16,2023-06-15,0.4,6,26
1159,Listing 1159,3102,Host399,Manhattan,SoHo,40.66024,-73.88101,Private room,120.9,1,17,2023-06-15,0.29,7,115
1160,Listing 1160,5823,Host132,Brooklyn,Park Slope,40.84579,-73.95009,Private room,125.54,2,23,2023-06-15,0.07,3,79
1161,Listing 1161,4564,Host48,Manhattan,Upper West Side,40.5138,-73.93598,Private room,203.89,7,30,2023-06-15,0.27,8,265
1162,Listing 1162,7917,Host423,Brooklyn,Bushwick,40.69083,-73.74675,Entire home/apt,197.64,1,22,2023-06-15,0.22,1,103
1163,Listing 1163,5470,Host165,Manhattan,SoHo,40.5219,-73.77838,Private room,187.49,2,12,2023-06-15,0.1,4,347
1164,Listing 1164,1561,Host488,Manhattan,Harlem,40.58463,-73.83508,Entire home/apt,170.71,3,23,2023-06-15,2.31,8,241
1165,Listing 1165,9243,Host492,Manhattan,SoHo,40.74819,-73.88907,Entire home/apt,196.1,1,17,2023-06-15,0.67,1,56
1166,Listing 1166,3416,Host93,Manhattan,SoHo,40.75908,-73.96901,Private room,189.75,2,13,2023-06-15,1.22,1,165
1167,Listing 1167,4080,Host233,Brooklyn,Bushwick,40.89589,-73.92262,Entire home/apt,261.07,5,20,2023-06-15,1.92,3,123
1168,Listing 1168,8087,Host201,Brooklyn,Park Slope,40.68254,-73.9781,Private room,66.98,1,15,2023-06-15,3.03,8,277
1169,Listing 1169,4093,Host256,Manhattan,Upper West Side,40.80168,-73.96515,Entire home/apt,266.64,1,19,2023-06-15,3.35,1,42
1170,Listing 1170,9140,Host389,Bronx,Riverdale,40.62207,-73.87683,Private room,99.55,1,28,2023-06-15,0.16,3,346
1171,Listing 1171,4233,Host344,Brooklyn,Bushwick,40.73023,-73.88783,Private room,137.73,3,24,2023-06-15,3.42,6,160
1172,Listing 1172,4680,Host213,Manhattan,Harlem,40.6823,-74.02349,Private room,142.5,1,21,2023-06-15,0.57,9,129
1173,Listing 1173,2537,Host250,Brooklyn,Park Slope,40.63652,-73.71168,Entire home/apt,188.17,2,24,2023-06-15,0.28,8,94
1174,Listing 1174,7582,Host57,Brooklyn,Park Slope,40.608,-73.92653,Private room,124.13,5,17,2023-06-15,1.46,3,56
1175,Listing 1175,1111,Host148,Brooklyn,Bedford-Stuyvesant,40.78732,-73.93209,Private room,146.75,2,20,2023-06-15,2.56,6,36
1176,Listing 1176,8675,Host228,Brooklyn,Williamsburg,40.75337,-73.99205,Entire home/apt,167.59,2,27,2023-06-15,1.31,2,48
1177,Listing 1177,2304,Host355,Bronx,Fordham,40.51493,-73.78094,Private room,20.0,5,16,2023-06-15,0.05,7,3
1178,Listing 1178,4244,Host193,Queens,Astoria,40.54385,-73.87854,Entire home/apt,156.57,1,21,2023-06-15,1.16,3,243
1179,Listing 1179,7950,Host203,Brooklyn,Bushwick,40.62087,-73.95286,Private room,20.0,5,21,2023-06-15,5.11,7,175
1180,Listing 1180,8720,Host184,Brooklyn,Park Slope,40.86149,-73.98797,Entire home/apt,188.6,3,20,2023-06-15,0.4,8,273
1181,Listing 1181,7713,Host255,Brooklyn,Park Slope,40.6835,-73.72155,Entire home/apt,246.1,1,30,2023-06-15,0.74,8,196
1182,Listing 1182,6251,Host120,Manhattan,SoHo,40.70557,-74.03798,Entire home/apt,234.47,3,22,2023-06-15,0.32,9,365
1183,Listing 1183,8399,Host420,Bronx,Fordham,40.80364,-73.7755,Entire home/apt,108.8,7,18,2023-06-15,0.54,6,300
1184,Listing 1184,3781,Host356,Queens,Long Island City,40.78197,-73.81238,Private room,132.24,2,19,2023-06-15,0.11,4,330
1185,Listing 1185,4381,Host17,Manhattan,SoHo,40.61704,-73.85687,Shared room,56.86,1,14,2023-06-15,1.2,5,127
1186,Listing 1186,5704,Host249,Manhattan,SoHo,40.85908,-73.70711,Private room,216.59,2,27,2023-06-15,0.04,2,239
1187,Listing 1187,3374,Host336,Brooklyn,Park Slope,40.63662,-73.71424,Entire home/apt,134.84,3,19,2023-06-15,2.0,3,1
1188,Listing 1188,6961,Host361,Queens,Long Island City,40.72749,-73.89193,Entire home/apt,201.98,2,13,2023-06-15,2.06,9,90
1189,Listing 1189,1416,Host214,Brooklyn,Williamsburg,40.78441,-73.91631,Entire home/apt,230.05,7,17,2023-06-15,0.54,8,53
1190,Listing 1190,8733,Host216,Manhattan,Upper West Side,40.7243,-73.95968,Entire home/apt,264.7,1,23,2023-06-15,0.72,8,36
1191,Listing 1191,1690,Host404,Queens,Long Island City,40.58687,-73.8881,Private room,99.48,2,18,2023-06-15,0.05,1,48
1192,Listing 1192,2399,Host287,Brooklyn,Williamsburg,40.59225,-73.94801,Entire home/apt,168.71,5,19,2023-06-15,0.82,3,297
1193,Listing 1193,4185,Host167,Brooklyn,Bedford-Stuyvesant,40.51772,-74.03342,Entire home/apt,137.78,7,26,2023-06-15,0.21,6,345
1194,Listing 1194,5231,Host489,Manhattan,Chelsea,40.75147,-73.74015,Entire home/apt,238.7,3,18,2023-06-15,0.4,1,268
1195,Listing 1195,6549,Host280,Brooklyn,Park Slope,40.84177,-73.84421,Entire home/apt,150.55,1,19,2023-06-15,2.66,8,255
1196,Listing 1196,3577,Host164,Manhattan,Upper West Side,40.75032,-73.87845,Shared room,41.47,1,11,2023-06-15,0.34,1,49
1197,Listing 1197,7018,Host262,Bronx,Riverdale,40.60513,-73.84849,Entire home/apt,128.62,5,28,2023-06-15,0.66,5,364
1198,Listing 1198,6272,Host219,Manhattan,Chelsea,40.5191,-73.94908,Entire home/apt,162.69,2,14,2023-06-15,0.36,2,104
1199,Listing 1199,9207,Host277,Manhattan,Harlem,40.73574,-74.00026,Entire home/apt,227.1,1,21,2023-06-15,1.36,5,358
1200,Listing 1200,8067,Host121,Manhattan,Upper West Side,40.87834,-74.02054,Entire home/apt,274.73,1,19,2023-06-15,0.3,5,214
1201,Listing 1201,8059,Host154,Manhattan,Chelsea,40.87345,-73.87097,Entire home/apt,258.43,3,25,2023-06-15,2.16,6,31
1202,Listing 1202,3736,Host445,Queens,Astoria,40.7575,-73.86608,Private room,85.18,1,23,2023-06-15,1.13,5,93
1203,Listing 1203,2272,Host229,Brooklyn,Bushwick,40.8005,-73.71216,Entire home/apt,209.8,7,16,2023-06-15,0.91,5,190
1204,Listing 1204,4571,Host350,Brooklyn,Park Slope,40.51786,-73.93271,Private room,175.8,1,23,2023-06-15,0.7,9,66
1205,Listing 1205,2431,Host54,Brooklyn,Bushwick,40.88403,-74.02637,Private room,77.33,2,18,2023-06-15,0.04,3,360
1206,Listing 1206,5966,Host136,Brooklyn,Bedford-Stuyvesant,40.6038,-73.80659,Private room,69.7,1,24,2023-06-15,2.77,8,64
1207,Listing 1207,9736,Host200,Brooklyn,Williamsburg,40.54858,-73.95146,Entire home/apt,166.77,1,23,2023-06-15,0.27,7,203
1208,Listing 1208,6835,Host498,Manhattan,Upper West Side,40.74828,-73.74127,Entire home/apt,226.28,1,21,2023-06-15,0.64,5,297
1209,Listing 1209,1913,Host221,Manhattan,Upper West Side,40.78381,-73.83566,Entire home/apt,259.9,7,20,2023-06-15,1.45,9,364
1210,Listing 1210,1102,Host300,Manhattan,Chelsea,40.72751,-74.00921,Entire home/apt,253.74,2,15,2023-06-15,0.67,3,291
1211,Listing 1211,2263,Host320,Brooklyn,Park Slope,40.83205,-73.81216,Entire home/apt,117.76,1,18,2023-06-15,0.9,4,232
1212,Listing 1212,8926,Host394,Manhattan,Harlem,40.76077,-73.9483,Entire home/apt,193.84,30,19,2023-06-15,1.39,7,329
1213,Listing 1213,6826,Host58,Bronx,Riverdale,40.50485,-74.00341,Shared room,20.0,5,36,2023-06-15,0.92,2,104
1214,Listing 1214,7225,Host12,Manhattan,Chelsea,40.7338,-73.89613,Private room,94.03,1,11,2023-06-15,0.26,4,351
1215,Listing 1215,1313,Host218,Manhattan,Chelsea,40.75983,-74.03237,Entire home/apt,230.41,3,21,2023-06-15,1.0,9,11
1216,Listing 1216,1069,Host108,Queens,Flushing,40.55633,-73.81068,Entire home/apt,173.98,1,27,2023-06-15,1.25,9,269
1217,Listing 1217,1941,Host443,Bronx,Fordham,40.7335,-73.74528,Private room,60.11,1,14,2023-06-15,0.23,8,41
1218,Listing 1218,6575,Host235,Manhattan,Upper West Side,40.67122,-73.93589,Entire home/apt,245.1,2,14,2023-06-15,4.73,7,4
1219,Listing 1219,8884,Host401,Queens,Flushing,40.88123,-73.96519,Private room,60.55,2,18,2023-06-15,0.41,4,153
1220,Listing 1220,6816,Host353,Queens,Long Island City,40.58014,-73.8601,Entire home/apt,72.57,2,18,2023-06-15,1.41,6,148
1221,Listing 1221,5274,Host457,Manhattan,Harlem,40.75333,-73.80902,Entire home/apt,186.44,3,21,2023-06-15,0.56,5,178
1222,Listing 1222,5407,Host224,Brooklyn,Bushwick,40.87111,-73.82985,Private room,51.41,3,15,2023-06-15,0.91,8,364
1223,Listing 1223,7913,Host168,Brooklyn,Park Slope,40.75871,-73.70252,Private room,91.05,2,8,2023-06-15,0.46,5,351
1224,Listing 1224,1554,Host368,Queens,Astoria,40.70106,-73.82035,Private room,126.14,2,22,2023-06-15,0.5,3,313
1225,Listing 1225,9018,Host369,Manhattan,SoHo,40.70222,-73.82245,Entire home/apt,250.02,1,24,2023-06-15,0.41,8,193
1226,Listing 1226,1109,Host149,Manhattan,Chelsea,40.87499,-73.98457,Entire home/apt,247.14,2,18,2023-06-15,0.94,8,320
1227,Listing 1227,4529,Host383,Brooklyn,Bedford-Stuyvesant,40.66703,-73.81702,Private room,109.77,2,26,2023-06-15,0.45,4,326
1228,Listing 1228,7086,Host444,Manhattan,SoHo,40.6042,-73.74986,Private room,49.68,1,22,2023-06-15,0.68,4,160
1229,Listing 1229,6898,Host437,Brooklyn,Bedford-Stuyvesant,40.86606,-73.96676,Entire home/apt,157.54,2,14,2023-06-15,0.17,8,179
1230,Listing 1230,9106,Host329,Manhattan,Upper West Side,40.75543,-73.84359,Entire home/apt,231.16,1,25,2023-06-15,0.21,6,183
1231,Listing 1231,6293,Host468,Brooklyn,Williamsburg,40.50395,-73.93167,Private room,27.44,1,26,2023-06-15,0.54,6,183
1232,Listing 1232,9972,Host97,Brooklyn,Williamsburg,40.70231,-73.82235,Entire home/apt,114.08,7,24,2023-06-15,1.66,6,344
1233,Listing 1233,3912,Host219,Manhattan,Chelsea,40.71488,-73.75394,Entire home/apt,222.68,2,19,2023-06-15,0.92,6,102
1234,Listing 1234,9563,Host167,Bronx,Fordham,40.60193,-73.99511,Entire home/apt,108.51,3,27,2023-06-15,2.25,2,54
1235,Listing 1235,4613,Host323,Manhattan,Upper West Side,40.55989,-73.77607,Private room,81.85,2,18,2023-06-15,2.32,8,356
1236,Listing 1236,8550,Host46,Brooklyn,Park Slope,40.63699,-73.8514,Private room,130.83,1,18,2023-06-15,0.24,3,186
1237,Listing 1237,9561,Host14,Brooklyn,Bushwick,40.70415,-73.70459,Entire home/apt,90.04,1,19,2023-06-15,0.12,3,340
1238,Listing 1238,9847,Host274,Manhattan,Chelsea,40.68838,-73.76971,Entire home/apt,188.24,2,21,2023-06-15,0.97,6,99
1239,Listing 1239,3151,Host470,Brooklyn,Park Slope,40.67858,-74.00705,Entire home/apt,113.08,1,17,2023-06-15,0.63,6,43
1240,Listing 1240,9676,Host169,Brooklyn,Bushwick,40.62653,-73.99367,Entire home/apt,197.58,2,22,2023-06-15,0.58,3,334
1241,Listing 1241,9989,Host20,Queens,Flushing,40.70667,-73.70284,Entire home/apt,92.75,1,20,2023-06-15,0.21,9,218
1242,Listing 1242,3766,Host51,Manhattan,Harlem,40.52985,-73.90899,Private room,89.09,1,20,2023-06-15,2.43,6,0
1243,Listing 1243,2084,Host416,Bronx,Riverdale,40.79307,-73.71638,Private room,48.06,1,16,2023-06-15,0.43,5,296
1244,Listing 1244,6717,Host176,Manhattan,Chelsea,40.71718,-73.81667,Entire home/apt,214.54,5,18,2023-06-15,0.21,9,182
1245,Listing 1245,6303,Host99,Manhattan,Harlem,40.89498,-73.80324,Private room,147.29,1,11,2023-06-15,0.28,6,194
1246,Listing 1246,3598,Host333,Brooklyn,Bushwick,40.57515,-73.88507,Private room,183.21,5,20,2023-06-15,1.04,3,69
1247,Listing 1247,8198,Host85,Manhattan,Upper West Side,40.82591,-73.90191,Entire home/apt,220.51,7,20,2023-06-15,0.81,1,37
1248,Listing 1248,4393,Host465,Brooklyn,Park Slope,40.6445,-74.04231,Entire home/apt,163.73,7,19,2023-06-15,0.18,4,309
1249,Listing 1249,7714,Host185,Queens,Astoria,40.84442,-73.97451,Private room,67.66,1,29,2023-06-15,0.84,5,65
1250,Listing 1250,8043,Host43,Brooklyn,Park Slope,40.5862,-74.04133,Private room,46.74,3,22,2023-06-15,0.21,2,129
1251,Listing 1251,2037,Host81,Queens,Long Island City,40.79954,-73.83497,Entire home/apt,55.56,2,22,2023-06-15,0.04,7,323
1252,Listing 1252,9643,Host369,Brooklyn,Bedford-Stuyvesant,40.65798,-73.86895,Private room,128.87,5,23,2023-06-15,1.27,2,361
1253,Listing 1253,6441,Host95,Manhattan,SoHo,40.7668,-74.02207,Private room,185.26,5,11,2023-06-15,1.03,6,18
1254,Listing 1254,4297,Host400,Manhattan,Chelsea,40.6925,-73.79051,Entire home/apt,278.94,1,20,2023-06-15,3.74,2,18
1255,Listing 1255,3083,Host242,Manhattan,Chelsea,40.59305,-73.83073,Entire home/apt,267.83,7,15,2023-06-15,0.78,2,267
1256,Listing 1256,1683,Host221,Brooklyn,Bedford-Stuyvesant,40.6281,-73.88874,Private room,116.29,1,15,2023-06-15,0.27,2,305
1257,Listing 1257,1489,Host268,Brooklyn,Park Slope,40.84991,-73.74308,Entire home/apt,159.98,5,16,2023-06-15,1.64,7,78
1258,Listing 1258,9847,Host447,Manhattan,Upper West Side,40.70771,-73.87295,Entire home/apt,282.64,1,28,2023-06-15,0.9,7,40
1259,Listing 1259,1195,Host107,Manhattan,Upper West Side,40.75949,-73.79611,Private room,165.7,2,18,2023-06-15,2.87,4,109
1260,Listing 1260,6273,Host107,Manhattan,SoHo,40.64533,-73.94804,Entire home/apt,305.09,2,15,2023-06-15,2.34,4,47
1261,Listing 1261,1255,Host39,Staten Island,Tottenville,40.53071,-73.94142,Entire home/apt,41.68,2,21,2023-06-15,1.26,9,155
1262,Listing 1262,4953,Host198,Manhattan,SoHo,40.77271,-73.80965,Private room,163.31,7,18,2023-06-15,0.01,1,53
1263,Listing 1263,8691,Host252,Manhattan,Upper West Side,40.77394,-73.71746,Private room,100.28,2,12,2023-06-15,1.78,4,345
1264,Listing 1264,3922,Host486,Brooklyn,Bedford-Stuyvesant,40.78893,-74.00409,Private room,89.69,2,22,2023-06-15,2.32,5,363
1265,Listing 1265,9400,Host158,Bronx,Riverdale,40.87939,-73.94837,Private room,110.1,2,19,2023-06-15,0.15,1,325
1266,Listing 1266,2181,Host162,Brooklyn,Bushwick,40.65712,-73.73975,Private room,140.53,2,23,2023-06-15,0.98,7,150
1267,Listing 1267,8807,Host185,Manhattan,Upper West Side,40.67305,-73.97044,Entire home/apt,236.8,1,20,2023-06-15,1.63,1,111
1268,Listing 1268,8641,Host282,Brooklyn,Bushwick,40.88792,-73.93053,Private room,144.49,3,25,2023-06-15,0.51,4,234
1269,Listing 1269,5272,Host406,Brooklyn,Bushwick,40.68785,-73.74292,Entire home/apt,137.77,1,25,2023-06-15,0.04,2,127
1270,Listing 1270,8882,Host170,Manhattan,Upper West Side,40.85584,-73.88609,Entire home/apt,214.47,5,20,2023-06-15,4.64,4,130
1271,Listing 1271,4713,Host469,Manhattan,SoHo,40.74985,-74.0013,Entire home/apt,227.01,30,19,2023-06-15,0.17,1,246
1272,Listing 1272,3644,Host183,Queens,Flushing,40.88331,-74.02089,Entire home/apt,73.65,2,20,2023-06-15,0.27,7,186
1273,Listing 1273,4009,Host236,Brooklyn,Bedford-Stuyvesant,40.78025,-73.97153,Private room,130.58,2,11,2023-06-15,0.85,9,76
1274,Listing 1274,7153,Host468,Brooklyn,Bushwick,40.64197,-73.71605,Entire home/apt,218.04,5,17,2023-06-15,0.42,7,97
1275,Listing 1275,4860,Host241,Brooklyn,Williamsburg,40.651,-73.93902,Entire home/apt,270.68,2,22,2023-06-15,0.18,7,298
1276,Listing 1276,6515,Host372,Brooklyn,Bedford-Stuyvesant,40.76553,-73.86686,Entire home/apt,108.61,5,17,2023-06-15,0.67,9,160
1277,Listing 1277,1469,Host470,Staten Island,St. George,40.61907,-73.88589,Entire home/apt,114.95,1,24,2023-06-15,2.31,4,4
1278,Listing 1278,6259,Host350,Brooklyn,Bushwick,40.63555,-73.75315,Entire home/apt,147.54,2,25,2023-06-15,0.18,9,68
1279,Listing 1279,9812,Host353,Brooklyn,Park Slope,40.53642,-73.96211,Private room,123.75,1,22,2023-06-15,3.2,9,351
1280,Listing 1280,4305,Host168,Brooklyn,Williamsburg,40.72301,-74.03768,Entire home/apt,129.62,2,19,2023-06-15,3.1,9,222
1281,Listing 1281,4411,Host135,Brooklyn,Williamsburg,40.74616,-73.93745,Shared room,84.09,2,16,2023-06-15,0.56,4,292
1282,Listing 1282,3345,Host61,Bronx,Riverdale,40.74765,-73.79407,Entire home/apt,109.1,3,22,2023-06-15,0.89,5,76
1283,Listing 1283,5649,Host285,Manhattan,Harlem,40.51432,-73.75899,Private room,101.97,5,22,2023-06-15,0.1,3,239
1284,Listing 1284,2753,Host468,Bronx,Riverdale,40.50247,-73.8771,Entire home/apt,121.38,1,21,2023-06-15,0.35,3,322
1285,Listing 1285,1134,Host331,Manhattan,Harlem,40.6323,-73.85276,Entire home/apt,261.2,5,18,2023-06-15,0.56,5,83
1286,Listing 1286,7692,Host246,Brooklyn,Williamsburg,40.77993,-73.71451,Entire home/apt,207.3,2,22,2023-06-15,1.33,5,176
1287,Listing 1287,5078,Host147,Manhattan,Chelsea,40.74448,-73.77474,Entire home/apt,110.7,1,25,2023-06-15,1.43,7,16
1288,Listing 1288,8377,Host158,Brooklyn,Bedford-Stuyvesant,40.75092,-73.99656,Entire home/apt,185.06,1,21,2023-06-15,1.79,7,154
1289,Listing 1289,8826,Host498,Brooklyn,Park Slope,40.64917,-73.88218,Entire home/apt,146.52,1,22,2023-06-15,0.0,3,135
1290,Listing 1290,6618,Host472,Manhattan,Chelsea,40.52774,-74.03156,Entire home/apt,300.38,1,17,2023-06-15,0.62,4,257
1291,Listing 1291,5043,Host419,Queens,Flushing,40.88302,-73.91793,Private room,47.71,2,26,2023-06-15,0.16,1,203
1292,Listing 1292,3225,Host410,Manhattan,SoHo,40.84897,-73.89467,Private room,199.71,1,17,2023-06-15,0.26,2,135
1293,Listing 1293,1193,Host485,Staten Island,St. George,40.65915,-73.76626,Entire home/apt,109.09,5,23,2023-06-15,0.02,7,213
1294,Listing 1294,8760,Host350,Brooklyn,Park Slope,40.71421,-73.94062,Private room,119.65,1,20,2023-06-15,0.01,5,88
1295,Listing 1295,7785,Host224,Staten Island,St. George,40.81295,-74.04193,Entire home/apt,92.77,7,24,2023-06-15,1.67,2,150
1296,Listing 1296,5211,Host347,Queens,Long Island City,40.66969,-73.87765,Entire home/apt,96.03,5,20,2023-06-15,0.34,7,364
1297,Listing 1297,3173,Host84,Brooklyn,Williamsburg,40.70076,-73.83163,Entire home/apt,119.0,1,23,2023-06-15,0.71,2,145
1298,Listing 1298,9862,Host485,Brooklyn,Bedford-Stuyvesant,40.85002,-73.76385,Private room,33.02,2,24,2023-06-15,0.95,3,277
1299,Listing 1299,5085,Host44,Queens,Long Island City,40.76046,-73.90528,Private room,132.7,2,21,2023-06-15,0.19,6,66
1300,Listing 1300,1234,Host69,Manhattan,Harlem,40.51191,-73.87355,Entire home/apt,204.37,5,21,2023-06-15,1.85,2,87
1301,Listing 1301,6125,Host30,Brooklyn,Bedford-Stuyvesant,40.50292,-73.95778,Entire home/apt,132.21,1,23,2023-06-15,0.36,5,72
1302,Listing 1302,4822,Host10,Brooklyn,Williamsburg,40.81242,-73.79776,Private room,125.87,3,15,2023-06-15,0.6,5,127
1303,Listing 1303,5317,Host405,Brooklyn,Park Slope,40.57647,-73.77177,Private room,38.57,7,22,2023-06-15,0.27,1,102
1304,Listing 1304,8445,Host464,Queens,Flushing,40.5366,-73.93257,Private room,85.33,1,17,2023-06-15,1.08,2,326
1305,Listing 1305,9651,Host265,Queens,Long Island City,40.73325,-74.03647,Private room,131.87,2,14,2023-06-15,0.18,1,82
1306,Listing 1306,7614,Host498,Manhattan,Upper West Side,40.52631,-73.7828,Shared room,75.79,3,22,2023-06-15,0.81,8,41
1307,Listing 1307,9630,Host376,Manhattan,SoHo,40.71401,-73.8301,Entire home/apt,236.4,7,15,2023-06-15,4.47,1,45
1308,Listing 1308,7763,Host389,Manhattan,Chelsea,40.61155,-73.72676,Entire home/apt,267.09,30,21,2023-06-15,0.1,4,95
1309,Listing 1309,9311,Host274,Brooklyn,Bushwick,40.69181,-73.8815,Shared room,140.3,1,24,2023-06-15,0.72,7,32
1310,Listing 1310,5062,Host168,Manhattan,SoHo,40.81841,-73.86007,Entire home/apt,227.71,7,17,2023-06-15,0.84,9,211
1311,Listing 1311,4214,Host70,Manhattan,SoHo,40.81143,-73.93602,Private room,122.27,2,18,2023-06-15,0.03,3,321
1312,Listing 1312,3261,Host34,Queens,Astoria,40.63247,-73.7013,Entire home/apt,121.43,1,19,2023-06-15,0.11,6,307
1313,Listing 1313,1721,Host23,Manhattan,Upper West Side,40.69178,-73.72297,Private room,24.09,1,17,2023-06-15,0.1,7,333
1314,Listing 1314,9271,Host297,Brooklyn,Park Slope,40.54087,-73.7342,Private room,180.31,2,17,2023-06-15,1.13,2,260
1315,Listing 1315,6203,Host290,Brooklyn,Park Slope,40.77803,-73.77278,Private room,205.32,1,27,2023-06-15,1.5,1,336
1316,Listing 1316,1743,Host471,Bronx,Riverdale,40.77761,-73.71676,Entire home/apt,53.01,1,16,2023-06-15,0.17,6,159
1317,Listing 1317,6393,Host351,Brooklyn,Bushwick,40.65737,-73.79312,Private room,51.1,7,16,2023-06-15,0.2,8,178
1318,Listing 1318,2028,Host14,Brooklyn,Bedford-Stuyvesant,40.53538,-73.79467,Private room,39.37,2,21,2023-06-15,0.74,2,265
1319,Listing 1319,9145,Host489,Manhattan,Upper West Side,40.84124,-73.79352,Shared room,20.96,2,26,2023-06-15,3.22,9,111
1320,Listing 1320,6704,Host261,Manhattan,Harlem,40.81298,-73.80224,Private room,150.78,1,14,2023-06-15,1.8,7,24
1321,Listing 1321,1830,Host12,Brooklyn,Williamsburg,40.73196,-73.8286,Entire home/apt,166.96,1,23,2023-06-15,0.02,3,101
1322,Listing 1322,6905,Host384,Brooklyn,Bushwick,40.59985,-73.72371,Private room,88.45,7,16,2023-06-15,1.45,7,83
1323,Listing 1323,1436,Host215,Brooklyn,Bedford-Stuyvesant,40.55209,-73.89173,Private room,20.0,1,16,2023-06-15,0.19,5,161
1324,Listing 1324,1088,Host128,Manhattan,Harlem,40.55849,-73.96695,Entire home/apt,223.53,2,19,2023-06-15,0.27,3,359
1325,Listing 1325,8379,Host273,Manhattan,Harlem,40.71167,-73.86994,Shared room,46.34,2,23,2023-06-15,1.01,5,29
1326,Listing 1326,8196,Host259,Queens,Flushing,40.7028,-73.77934,Private room,85.21,3,14,2023-06-15,4.17,4,102
1327,Listing 1327,1493,Host447,Brooklyn,Bedford-Stuyvesant,40.82363,-73.85126,Private room,58.18,30,30,2023-06-15,0.75,8,11
1328,Listing 1328,6254,Host245,Brooklyn,Bedford-Stuyvesant,40.66694,-73.70967,Entire home/apt,128.58,3,13,2023-06-15,1.59,9,194
1329,Listing 1329,6130,Host456,Brooklyn,Bushwick,40.74355,-73.73486,Entire home/apt,208.45,1,15,2023-06-15,0.94,1,52
1330,Listing 1330,1269,Host407,Brooklyn,Park Slope,40.70364,-73.80187,Private room,67.96,2,24,2023-06-15,1.86,2,165
1331,Listing 1331,7575,Host428,Manhattan,SoHo,40.79542,-73.94713,Entire home/apt,210.24,2,19,2023-06-15,0.48,9,222
1332,Listing 1332,7625,Host237,Brooklyn,Williamsburg,40.82537,-73.92768,Entire home/apt,153.96,2,15,2023-06-15,0.02,7,94
1333,Listing 1333,3350,Host244,Bronx,Fordham,40.88876,-73.79894,Private room,31.0,5,23,2023-06-15,1.01,3,82
1334,Listing 1334,3451,Host417,Manhattan,Chelsea,40.61105,-73.73562,Private room,167.98,2,18,2023-06-15,2.88,9,322
1335,Listing 1335,5734,Host46,Brooklyn,Williamsburg,40.69652,-73.82069,Private room,111.58,2,14,2023-06-15,1.34,6,267
1336,Listing 1336,2604,Host367,Bronx,Fordham,40.54924,-73.88494,Entire home/apt,26.01,2,25,2023-06-15,2.04,4,214
1337,Listing 1337,6243,Host40,Manhattan,Harlem,40.51144,-73.72804,Entire home/apt,179.63,2,16,2023-06-15,0.3,2,284
1338,Listing 1338,8426,Host477,Manhattan,Chelsea,40.50307,-74.03231,Shared room,21.97,2,22,2023-06-15,0.76,7,9
1339,Listing 1339,2261,Host22,Bronx,Riverdale,40.71909,-73.7201,Shared room,104.26,1,17,2023-06-15,1.89,4,161
1340,Listing 1340,9681,Host5,Manhattan,Harlem,40.7699,-73.91155,Private room,153.7,2,13,2023-06-15,0.07,9,19
1341,Listing 1341,8038,Host369,Brooklyn,Williamsburg,40.54763,-73.9929,Private room,126.96,1,27,2023-06-15,0.47,9,219
1342,Listing 1342,8526,Host114,Brooklyn,Bedford-Stuyvesant,40.55936,-73.8121,Private room,124.15,1,26,2023-06-15,0.58,6,251
1343,Listing 1343,4253,Host409,Brooklyn,Bedford-Stuyvesant,40.67127,-73.8475,Entire home/apt,199.56,2,15,2023-06-15,1.13,7,148
1344,Listing 1344,8562,Host116,Manhattan,Upper West Side,40.86692,-74.00986,Private room,133.2,1,25,2023-06-15,0.37,9,286
1345,Listing 1345,9841,Host136,Manhattan,Chelsea,40.70686,-73.84975,Entire home/apt,276.33,1,22,2023-06-15,4.0,5,144
1346,Listing 1346,3755,Host231,Manhattan,Harlem,40.85576,-73.79915,Entire home/apt,221.5,5,25,2023-06-15,1.01,9,112
1347,Listing 1347,3051,Host118,Manhattan,Upper West Side,40.5311,-73.95835,Private room,56.8,7,13,2023-06-15,0.04,6,80
1348,Listing 1348,6368,Host488,Brooklyn,Williamsburg,40.81982,-73.88833,Entire home/apt,132.3,1,23,2023-06-15,1.61,6,152
1349,Listing 1349,5834,Host11,Brooklyn,Park Slope,40.78203,-73.79049,Entire home/apt,160.85,3,29,2023-06-15,0.25,2,11
1350,Listing 1350,7066,Host121,Brooklyn,Williamsburg,40.87312,-73.9329,Entire home/apt,137.48,7,18,2023-06-15,0.61,8,189
1351,Listing 1351,5324,Host250,Brooklyn,Bushwick,40.89484,-73.94655,Private room,65.68,5,17,2023-06-15,0.34,5,138
1352,Listing 1352,3005,Host454,Brooklyn,Bedford-Stuyvesant,40.77016,-73.83131,Entire home/apt,195.78,3,17,2023-06-15,1.08,4,21
1353,Listing 1353,6591,Host58,Brooklyn,Park Slope,40.64355,-73.71519,Private room,131.14,30,27,2023-06-15,0.49,4,171
1354,Listing 1354,9201,Host30,Queens,Long Island City,40.82928,-73.80195,Entire home/apt,172.65,1,19,2023-06-15,0.7,4,162
1355,Listing 1355,8934,Host91,Manhattan,Chelsea,40.80687,-73.70756,Private room,104.42,3,19,2023-06-15,2.77,8,97
1356,Listing 1356,3732,Host337,Manhattan,SoHo,40.64982,-73.95103,Entire home/apt,259.84,2,29,2023-06-15,0.65,8,352
1357,Listing 1357,9835,Host479,Manhattan,Harlem,40.89353,-73.89818,Entire home/apt,277.08,2,17,2023-06-15,0.81,8,306
1358,Listing 1358,6265,Host276,Brooklyn,Bedford-Stuyvesant,40.62899,-73.87297,Entire home/apt,155.0,3,15,2023-06-15,2.3,2,210
1359,Listing 1359,7686,Host105,Queens,Flushing,40.53141,-73.84609,Entire home/apt,116.98,2,19,2023-06-15,0.26,4,132
1360,Listing 1360,3542,Host110,Brooklyn,Bedford-Stuyvesant,40.70185,-73.92159,Private room,62.85,3,18,2023-06-15,1.56,5,200
1361,Listing 1361,6778,Host158,Brooklyn,Williamsburg,40.79349,-73.736,Private room,141.41,2,15,2023-06-15,0.68,1,176
1362,Listing 1362,6269,Host341,Queens,Astoria,40.7927,-73.76587,Private room,20.0,3,22,2023-06-15,4.93,4,236
1363,Listing 1363,8045,Host248,Manhattan,Upper West Side,40.7271,-73.89962,Entire home/apt,229.57,5,24,2023-06-15,0.1,1,273
1364,Listing 1364,7656,Host399,Bronx,Fordham,40.61444,-74.01048,Entire home/apt,62.42,1,24,2023-06-15,2.94,1,352
1365,Listing 1365,5021,Host147,Manhattan,Upper West Side,40.55183,-74.01093,Entire home/apt,193.33,2,22,2023-06-15,0.26,9,220
1366,Listing 1366,2611,Host249,Brooklyn,Bedford-Stuyvesant,40.70778,-73.8161,Entire home/apt,246.99,3,16,2023-06-15,0.02,6,309
1367,Listing 1367,6786,Host27,Manhattan,Harlem,40.77207,-73.92245,Private room,193.03,1,18,2023-06-15,1.91,4,157
1368,Listing 1368,2795,Host321,Manhattan,Harlem,40.8524,-73.92624,Entire home/apt,189.31,30,19,2023-06-15,1.8,2,49
1369,Listing 1369,2360,Host395,Brooklyn,Park Slope,40.68536,-73.75913,Entire home/apt,192.16,1,14,2023-06-15,1.74,5,345
1370,Listing 1370,8774,Host221,Brooklyn,Williamsburg,40.68877,-73.96768,Entire home/apt,166.3,2,26,2023-06-15,0.23,6,260
1371,Listing 1371,9530,Host171,Queens,Long Island City,40.51716,-73.79818,Private room,35.54,7,17,2023-06-15,0.77,6,160
1372,Listing 1372,5652,Host150,Brooklyn,Williamsburg,40.58903,-74.03596,Private room,114.95,2,14,2023-06-15,0.86,8,285
1373,Listing 1373,7135,Host418,Manhattan,Harlem,40.57501,-73.99024,Shared room,98.85,5,19,2023-06-15,0.84,5,213
1374,Listing 1374,2040,Host11,Brooklyn,Bushwick,40.68721,-73.97529,Entire home/apt,143.39,7,24,2023-06-15,8.22,6,356
1375,Listing 1375,2887,Host300,Manhattan,Harlem,40.5341,-73.94018,Entire home/apt,199.65,3,18,2023-06-15,1.64,1,26
1376,Listing 1376,1129,Host115,Staten Island,St. George,40.54437,-73.78721,Private room,20.0,3,25,2023-06-15,3.21,8,104
1377,Listing 1377,9364,Host487,Manhattan,Harlem,40.87062,-74.0279,Private room,156.56,2,14,2023-06-15,0.2,1,252
1378,Listing 1378,8816,Host365,Brooklyn,Park Slope,40.62914,-73.99087,Entire home/apt,156.12,7,17,2023-06-15,2.2,8,112
1379,Listing 1379,4051,Host346,Brooklyn,Bushwick,40.58768,-73.79336,Entire home/apt,92.28,2,13,2023-06-15,1.0,6,355
1380,Listing 1380,8316,Host284,Manhattan,Harlem,40.77847,-74.02078,Entire home/apt,223.58,1,17,2023-06-15,1.4,2,237
1381,Listing 1381,6042,Host24,Manhattan,Upper West Side,40.52026,-73.7409,Private room,136.56,5,18,2023-06-15,0.81,4,346
1382,Listing 1382,9064,Host33,Bronx,Riverdale,40.58691,-73.75915,Entire home/apt,99.46,3,12,2023-06-15,1.39,3,284
1383,Listing 1383,9527,Host319,Brooklyn,Bedford-Stuyvesant,40.5339,-73.88734,Entire home/apt,200.01,5,17,2023-06-15,0.24,2,299
1384,Listing 1384,2046,Host181,Bronx,Riverdale,40.62672,-73.73622,Entire home/apt,125.34,1,24,2023-06-15,0.1,3,22
1385,Listing 1385,7771,Host92,Brooklyn,Williamsburg,40.88594,-73.95725,Entire home/apt,125.47,1,17,2023-06-15,1.71,6,207
1386,Listing 1386,2759,Host347,Queens,Long Island City,40.74309,-73.84843,Private room,71.18,1,23,2023-06-15,0.74,2,36
1387,Listing 1387,8229,Host54,Manhattan,Upper West Side,40.71038,-74.02724,Entire home/apt,185.61,1,19,2023-06-15,2.04,7,118
1388,Listing 1388,2628,Host377,Queens,Long Island City,40.66431,-73.85898,Shared room,76.59,2,25,2023-06-15,1.52,6,283
1389,Listing 1389,5075,Host491,Brooklyn,Bushwick,40.76309,-73.76474,Entire home/apt,150.26,2,19,2023-06-15,0.26,6,331
1390,Listing 1390,4967,Host311,Queens,Long Island City,40.88526,-73.87552,Entire home/apt,43.18,2,18,2023-06-15,0.75,6,85
1391,Listing 1391,5757,Host67,Queens,Long Island City,40.86455,-73.85517,Entire home/apt,156.33,1,31,2023-06-15,2.83,3,51
1392,Listing 1392,1038,Host13,Manhattan,Harlem,40.64419,-73.90988,Private room,98.7,5,20,2023-06-15,1.18,6,91
1393,Listing 1393,8972,Host171,Brooklyn,Williamsburg,40.78015,-74.01019,Private room,154.12,5,24,2023-06-15,1.52,3,91
1394,Listing 1394,5814,Host144,Manhattan,Harlem,40.79446,-73.85827,Entire home/apt,268.15,1,13,2023-06-15,1.83,7,193
1395,Listing 1395,3870,Host455,Manhattan,Upper West Side,40.65824,-73.84444,Entire home/apt,110.03,2,23,2023-06-15,0.39,5,116
1396,Listing 1396,6461,Host384,Brooklyn,Park Slope,40.62256,-73.80731,Private room,92.41,1,20,2023-06-15,0.21,1,360
1397,Listing 1397,8544,Host294,Queens,Long Island City,40.79675,-73.8001,Shared room,59.36,1,21,2023-06-15,0.79,8,329
1398,Listing 1398,5963,Host420,Queens,Long Island City,40.69608,-73.96377,Entire home/apt,132.56,2,14,2023-06-15,0.49,6,76
1399,Listing 1399,4331,Host237,Bronx,Fordham,40.66184,-73.99576,Entire home/apt,170.64,2,25,2023-06-15,0.04,9,10
1400,Listing 1400,8760,Host286,Brooklyn,Williamsburg,40.89008,-73.71176,Private room,53.62,1,25,2023-06-15,0.85,7,85
1401,Listing 1401,6106,Host119,Brooklyn,Park Slope,40.53662,-74.01039,Private room,119.78,1,23,2023-06-15,0.76,8,50
1402,Listing 1402,9556,Host356,Brooklyn,Bedford-Stuyvesant,40.63234,-73.95922,Entire home/apt,136.48,3,18,2023-06-15,0.48,5,162
1403,Listing 1403,7719,Host497,Manhattan,SoHo,40.78531,-73.86258,Entire home/apt,227.6,1,28,2023-06-15,4.81,3,129
1404,Listing 1404,8556,Host425,Manhattan,Harlem,40.59792,-74.04902,Entire home/apt,213.24,7,22,2023-06-15,1.55,4,250
1405,Listing 1405,9784,Host468,Manhattan,Chelsea,40.62375,-73.85335,Private room,137.97,7,19,2023-06-15,0.75,8,299
1406,Listing 1406,8459,Host207,Brooklyn,Park Slope,40.84298,-73.86706,Private room,20.0,3,21,2023-06-15,0.04,2,277
1407,Listing 1407,1862,Host145,Manhattan,Chelsea,40.83746,-73.84181,Private room,75.38,3,23,2023-06-15,0.45,8,154
1408,Listing 1408,2382,Host277,Queens,Long Island City,40.57699,-74.0151,Entire home/apt,169.84,3,26,2023-06-15,0.19,1,331
1409,Listing 1409,5691,Host136,Staten Island,Tottenville,40.55072,-74.02188,Entire home/apt,69.31,1,16,2023-06-15,1.24,8,118
1410,Listing 1410,4573,Host470,Queens,Long Island City,40.58529,-74.03671,Private room,74.87,2,21,2023-06-15,2.57,6,99
1411,Listing 1411,7595,Host142,Manhattan,Chelsea,40.76462,-73.88905,Entire home/apt,234.21,1,17,2023-06-15,0.88,3,220
1412,Listing 1412,4756,Host430,Queens,Flushing,40.50643,-73.99694,Private room,91.58,1,24,2023-06-15,0.25,9,208
1413,Listing 1413,7054,Host33,Queens,Long Island City,40.59722,-73.84151,Private room,108.57,3,20,2023-06-15,0.62,2,360
1414,Listing 1414,9791,Host299,Brooklyn,Bedford-Stuyvesant,40.53732,-73.89688,Private room,60.61,1,18,2023-06-15,0.11,4,76
1415,Listing 1415,1170,Host32,Bronx,Fordham,40.73814,-73.73311,Private room,101.79,1,16,2023-06-15,0.23,5,181
1416,Listing 1416,2870,Host166,Bronx,Riverdale,40.6992,-73.86023,Entire home/apt,139.32,1,22,2023-06-15,1.03,7,317
1417,Listing 1417,7818,Host57,Brooklyn,Bedford-Stuyvesant,40.82826,-73.77698,Entire home/apt,167.78,2,16,2023-06-15,1.0,6,237
1418,Listing 1418,6082,Host58,Brooklyn,Park Slope,40.82518,-73.87677,Entire home/apt,229.47,30,19,2023-06-15,1.38,6,12
1419,Listing 1419,9868,Host184,Manhattan,Chelsea,40.70791,-73.91151,Private room,145.43,1,14,2023-06-15,0.0,6,283
1420,Listing 1420,2642,Host246,Bronx,Fordham,40.56414,-73.96652,Entire home/apt,79.1,2,15,2023-06-15,0.8,2,19
1421,Listing 1421,9250,Host88,Manhattan,SoHo,40.55642,-73.82262,Private room,177.2,1,19,2023-06-15,0.03,4,340
1422,Listing 1422,9619,Host367,Manhattan,Harlem,40.76408,-73.95521,Entire home/apt,220.63,1,20,2023-06-15,0.4,7,257
1423,Listing 1423,6718,Host13,Manhattan,Upper West Side,40.54984,-73.88193,Entire home/apt,187.8,1,22,2023-06-15,0.59,1,105
1424,Listing 1424,3665,Host476,Queens,Astoria,40.84582,-73.94103,Entire home/apt,150.1,1,15,2023-06-15,1.24,5,193
1425,Listing 1425,2658,Host128,Manhattan,Chelsea,40.79483,-73.72929,Private room,69.63,1,20,2023-06-15,1.31,4,94
1426,Listing 1426,5260,Host426,Manhattan,SoHo,40.6453,-73.97143,Entire home/apt,228.75,7,30,2023-06-15,1.62,2,241
1427,Listing 1427,9670,Host271,Manhattan,Harlem,40.85931,-73.89322,Private room,143.84,1,15,2023-06-15,0.25,6,291
1428,Listing 1428,3183,Host399,Manhattan,SoHo,40.5371,-73.73176,Private room,163.27,2,19,2023-06-15,1.28,3,113
1429,Listing 1429,2228,Host363,Manhattan,Harlem,40.81959,-74.00172,Private room,161.58,1,21,2023-06-15,1.3,3,302
1430,Listing 1430,4695,Host409,Manhattan,Upper West Side,40.63675,-73.88914,Private room,165.99,1,18,2023-06-15,4.79,4,27
1431,Listing 1431,3137,Host245,Brooklyn,Williamsburg,40.79836,-73.87494,Entire home/apt,176.33,1,25,2023-06-15,2.19,5,67
1432,Listing 1432,8554,Host128,Brooklyn,Park Slope,40.86498,-73.90563,Entire home/apt,220.1,7,20,2023-06-15,1.1,9,44
1433,Listing 1433,5507,Host274,Queens,Flushing,40.89267,-73.87746,Private room,20.0,7,21,2023-06-15,1.49,1,342
1434,Listing 1434,2489,Host296,Bronx,Riverdale,40.75693,-73.89062,Entire home/apt,138.16,2,14,2023-06-15,1.84,4,279
1435,Listing 1435,6766,Host140,Manhattan,Chelsea,40.79167,-73.79921,Entire home/apt,260.48,2,23,2023-06-15,0.49,7,106
1436,Listing 1436,5179,Host117,Queens,Astoria,40.8012,-73.79288,Private room,110.15,1,23,2023-06-15,0.89,7,338
1437,Listing 1437,4041,Host420,Brooklyn,Park Slope,40.72648,-73.78712,Entire home/apt,147.86,1,25,2023-06-15,1.79,5,107
1438,Listing 1438,6093,Host416,Staten Island,St. George,40.77795,-73.89266,Private room,20.79,5,20,2023-06-15,0.48,6,335
1439,Listing 1439,6251,Host428,Brooklyn,Williamsburg,40.56998,-73.79337,Entire home/apt,169.46,1,15,2023-06-15,1.0,7,358
1440,Listing 1440,8786,Host300,Queens,Astoria,40.77337,-74.04383,Private room,20.71,2,21,2023-06-15,0.63,1,315
1441,Listing 1441,2666,Host222,Brooklyn,Bushwick,40.7737,-73.85624,Entire home/apt,155.72,3,20,2023-06-15,0.05,1,227
1442,Listing 1442,2883,Host214,Queens,Astoria,40.51754,-73.96797,Private room,98.73,1,19,2023-06-15,0.99,2,286
1443,Listing 1443,1059,Host33,Manhattan,Upper West Side,40.80802,-73.82773,Shared room,148.43,1,26,2023-06-15,1.63,2,142
1444,Listing 1444,5022,Host145,Queens,Long Island City,40.73223,-73.93475,Private room,120.56,5,24,2023-06-15,7.03,7,296
1445,Listing 1445,9048,Host251,Manhattan,SoHo,40.89098,-73.7758,Entire home/apt,281.91,2,15,2023-06-15,2.28,6,329
1446,Listing 1446,5385,Host263,Manhattan,SoHo,40.87812,-74.04518,Entire home/apt,248.07,2,12,2023-06-15,0.11,9,167
1447,Listing 1447,3768,Host360,Brooklyn,Bushwick,40.55351,-73.89885,Entire home/apt,222.9,2,19,2023-06-15,0.92,2,73
1448,Listing 1448,1238,Host397,Staten Island,St. George,40.57292,-73.78194,Private room,60.65,1,27,2023-06-15,0.08,7,264
1449,Listing 1449,5923,Host187,Brooklyn,Bushwick,40.63236,-73.79725,Entire home/apt,192.58,3,20,2023-06-15,1.04,1,364
1450,Listing 1450,9910,Host311,Brooklyn,Bedford-Stuyvesant,40.5019,-73.78778,Private room,119.21,1,30,2023-06-15,0.46,1,303
1451,Listing 1451,8992,Host194,Bronx,Riverdale,40.66047,-73.85144,Entire home/apt,144.98,1,22,2023-06-15,0.74,3,93
1452,Listing 1452,3057,Host162,Manhattan,Upper West Side,40.63686,-73.85107,Entire home/apt,252.04,1,20,2023-06-15,0.92,2,106
1453,Listing 1453,2617,Host67,Bronx,Fordham,40.85056,-74.0063,Entire home/apt,111.75,2,19,2023-06-15,0.7,4,290
1454,Listing 1454,9894,Host15,Bronx,Fordham,40.55519,-73.95949,Private room,61.36,1,26,2023-06-15,0.3,7,79
1455,Listing 1455,7967,Host175,Bronx,Riverdale,40.87126,-73.86738,Entire home/apt,62.85,1,17,2023-06-15,1.17,1,86
1456,Listing 1456,2074,Host327,Manhattan,Harlem,40.79031,-73.93229,Private room,105.31,3,22,2023-06-15,2.3,1,84
1457,Listing 1457,1318,Host43,Manhattan,Chelsea,40.51292,-73.89394,Entire home/apt,248.76,2,24,2023-06-15,4.01,9,130
1458,Listing 1458,5706,Host352,Brooklyn,Bedford-Stuyvesant,40.61183,-73.70985,Shared room,62.36,1,20,2023-06-15,3.23,9,185
1459,Listing 1459,9185,Host413,Queens,Astoria,40.74501,-73.70026,Entire home/apt,139.48,3,18,2023-06-15,3.22,8,64
1460,Listing 1460,1774,Host490,Brooklyn,Williamsburg,40.78771,-73.85792,Private room,20.0,1,22,2023-06-15,2.24,1,124
1461,Listing 1461,8310,Host317,Bronx,Riverdale,40.52156,-73.8338,Private room,20.51,2,31,2023-06-15,0.05,2,62
1462,Listing 1462,8997,Host295,Manhattan,SoHo,40.61276,-73.97333,Entire home/apt,302.54,7,21,2023-06-15,0.26,8,217
1463,Listing 1463,5618,Host138,Manhattan,SoHo,40.55308,-73.79171,Entire home/apt,218.41,5,22,2023-06-15,0.7,6,50
1464,Listing 1464,5568,Host51,Brooklyn,Park Slope,40.85679,-73.92111,Entire home/apt,109.59,3,12,2023-06-15,0.79,4,128
1465,Listing 1465,8423,Host105,Manhattan,Chelsea,40.59034,-73.79838,Private room,145.89,2,23,2023-06-15,0.11,8,271
1466,Listing 1466,5596,Host76,Bronx,Fordham,40.60066,-73.73613,Entire home/apt,37.38,2,20,2023-06-15,2.16,9,109
1467,Listing 1467,5864,Host461,Manhattan,SoHo,40.8929,-73.88332,Private room,208.52,1,13,2023-06-15,1.01,6,309
1468,Listing 1468,6945,Host12,Brooklyn,Williamsburg,40.66762,-73.97187,Entire home/apt,185.89,1,19,2023-06-15,0.41,3,350
1469,Listing 1469,4355,Host391,Brooklyn,Park Slope,40.75442,-73.70068,Entire home/apt,216.94,2,19,2023-06-15,0.54,2,32
1470,Listing 1470,6444,Host34,Queens,Flushing,40.69339,-73.80868,Entire home/apt,168.34,7,21,2023-06-15,0.42,3,249
1471,Listing 1471,3941,Host157,Manhattan,Upper West Side,40.50134,-73.91677,Entire home/apt,198.23,2,22,2023-06-15,0.16,6,253
1472,Listing 1472,7883,Host118,Queens,Long Island City,40.55442,-73.94847,Entire home/apt,181.3,1,17,2023-06-15,0.15,1,0
1473,Listing 1473,4111,Host155,Brooklyn,Williamsburg,40.89267,-73.71942,Entire home/apt,210.58,1,17,2023-06-15,1.03,6,281
1474,Listing 1474,1077,Host112,Brooklyn,Bushwick,40.68571,-74.02332,Shared room,38.56,2,18,2023-06-15,0.75,4,123
1475,Listing 1475,3553,Host370,Manhattan,SoHo,40.77447,-73.93478,Entire home/apt,319.56,2,26,2023-06-15,4.0,8,102
1476,Listing 1476,4925,Host375,Brooklyn,Williamsburg,40.65716,-73.87511,Entire home/apt,168.8,2,23,2023-06-15,0.57,5,286
1477,Listing 1477,5704,Host450,Queens,Flushing,40.52099,-73.84731,Private room,85.52,30,19,2023-06-15,0.88,3,189
1478,Listing 1478,9212,Host399,Manhattan,Chelsea,40.61663,-73.93565,Entire home/apt,238.18,1,19,2023-06-15,1.72,7,262
1479,Listing 1479,7830,Host75,Queens,Flushing,40.62985,-73.83206,Entire home/apt,27.37,1,22,2023-06-15,0.02,1,21
1480,Listing 1480,4079,Host448,Brooklyn,Williamsburg,40.68008,-73.77863,Private room,115.24,1,15,2023-06-15,1.09,7,130
1481,Listing 1481,9079,Host476,Brooklyn,Williamsburg,40.5287,-73.87983,Entire home/apt,153.52,2,16,2023-06-15,1.18,6,286
1482,Listing 1482,7935,Host221,Brooklyn,Bedford-Stuyvesant,40.85886,-73.94762,Shared room,94.12,2,17,2023-06-15,3.2,6,5
1483,Listing 1483,5941,Host139,Queens,Flushing,40.87463,-73.98427,Entire home/apt,162.21,2,16,2023-06-15,1.53,5,141
1484,Listing 1484,4518,Host263,Manhattan,SoHo,40.85542,-73.70325,Entire home/apt,231.32,2,23,2023-06-15,0.21,3,156
1485,Listing 1485,8684,Host66,Manhattan,Chelsea,40.74095,-73.84428,Private room,118.23,1,21,2023-06-15,2.8,5,316
1486,Listing 1486,2290,Host107,Queens,Flushing,40.74814,-73.80326,Entire home/apt,109.55,1,18,2023-06-15,0.36,8,65
1487,Listing 1487,6720,Host438,Brooklyn,Bushwick,40.74152,-73.8646,Entire home/apt,200.16,30,23,2023-06-15,2.28,4,273
1488,Listing 1488,7438,Host396,Manhattan,Harlem,40.5498,-73.87376,Private room,170.8,1,21,2023-06-15,0.19,7,35
1489,Listing 1489,4157,Host451,Manhattan,Chelsea,40.89273,-74.01771,Entire home/apt,191.38,1,13,2023-06-15,0.12,4,195
1490,Listing 1490,3329,Host139,Manhattan,Upper West Side,40.79338,-74.0279,Entire home/apt,211.53,2,30,2023-06-15,2.87,5,214
1491,Listing 1491,5709,Host426,Manhattan,Chelsea,40.72905,-73.95135,Entire home/apt,207.16,30,18,2023-06-15,0.14,9,364
1492,Listing 1492,1390,Host83,Manhattan,SoHo,40.78095,-74.00264,Private room,147.51,2,24,2023-06-15,0.86,8,10
1493,Listing 1493,4709,Host115,Brooklyn,Williamsburg,40.62268,-73.74971,Private room,30.17,2,15,2023-06-15,3.16,4,75
1494,Listing 1494,3910,Host79,Manhattan,Harlem,40.63087,-73.93115,Entire home/apt,249.17,5,19,2023-06-15,0.32,8,336
1495,Listing 1495,7805,Host153,Queens,Astoria,40.51873,-73.94371,Entire home/apt,161.05,2,15,2023-06-15,0.24,7,159
1496,Listing 1496,7085,Host235,Manhattan,Harlem,40.75242,-73.78502,Private room,134.31,1,22,2023-06-15,0.09,8,62
1497,Listing 1497,8644,Host87,Queens,Long Island City,40.88281,-73.74765,Shared room,20.0,1,14,2023-06-15,0.03,9,250
1498,Listing 1498,2409,Host381,Brooklyn,Bushwick,40.65426,-74.02432,Entire home/apt,191.04,5,21,2023-06-15,2.7,4,311
1499,Listing 1499,1305,Host361,Manhattan,Chelsea,40.62548,-73.9815,Private room,122.87,2,27,2023-06-15,1.74,1,83
1500,Listing 1500,5808,Host453,Brooklyn,Bushwick,40.86515,-73.81587,Entire home/apt,163.16,2,21,2023-06-15,1.78,2,77
1501,Listing 1501,2290,Host126,Brooklyn,Williamsburg,40.76441,-73.74147,Private room,60.09,1,17,2023-06-15,0.04,8,99
1502,Listing 1502,7637,Host353,Queens,Long Island City,40.88614,-73.77236,Entire home/apt,130.3,1,20,2023-06-15,0.02,7,9
1503,Listing 1503,3489,Host65,Brooklyn,Bedford-Stuyvesant,40.87856,-73.74748,Private room,78.8,1,24,2023-06-15,0.82,9,165
1504,Listing 1504,3328,Host286,Brooklyn,Bushwick,40.68337,-73.72347,Private room,102.18,5,20,2023-06-15,1.0,4,270
1505,Listing 1505,2561,Host180,Manhattan,SoHo,40.55336,-73.73795,Entire home/apt,289.04,1,21,2023-06-15,1.15,8,59
1506,Listing 1506,5964,Host394,Bronx,Fordham,40.69513,-73.73309,Entire home/apt,50.91,2,21,2023-06-15,8.59,1,117
1507,Listing 1507,9142,Host234,Brooklyn,Park Slope,40.69749,-73.7406,Private room,126.13,1,11,2023-06-15,1.2,6,340
1508,Listing 1508,7501,Host478,Brooklyn,Bushwick,40.61269,-73.82476,Entire home/apt,175.82,1,20,2023-06-15,0.61,9,300
1509,Listing 1509,4345,Host11,Queens,Long Island City,40.55242,-73.74527,Private room,86.05,1,17,2023-06-15,3.22,5,134
1510,Listing 1510,6721,Host259,Queens,Astoria,40.57749,-73.97198,Entire home/apt,121.32,3,9,2023-06-15,1.12,5,33
1511,Listing 1511,8627,Host387,Brooklyn,Bushwick,40.75446,-73.86216,Entire home/apt,260.41,3,20,2023-06-15,0.11,2,102
1512,Listing 1512,3010,Host192,Brooklyn,Bushwick,40.57284,-73.84608,Private room,184.43,2,14,2023-06-15,3.0,6,69
1513,Listing 1513,4807,Host223,Queens,Astoria,40.835,-73.74958,Entire home/apt,133.88,1,17,2023-06-15,2.53,8,172
1514,Listing 1514,6385,Host22,Bronx,Riverdale,40.76793,-73.90737,Entire home/apt,91.75,1,17,2023-06-15,0.16,5,88
1515,Listing 1515,3084,Host125,Manhattan,Chelsea,40.84465,-73.87135,Private room,107.45,1,21,2023-06-15,1.08,7,365
1516,Listing 1516,4960,Host179,Queens,Long Island City,40.68569,-73.93517,Private room,20.0,2,25,2023-06-15,7.12,4,270
1517,Listing 1517,9796,Host453,Manhattan,SoHo,40.66158,-73.76776,Private room,110.76,3,23,2023-06-15,0.19,5,269
1518,Listing 1518,4521,Host340,Queens,Astoria,40.58963,-73.81632,Private room,166.53,7,19,2023-06-15,0.38,5,349
1519,Listing 1519,6950,Host348,Brooklyn,Bedford-Stuyvesant,40.71505,-73.75838,Private room,83.14,1,16,2023-06-15,3.57,3,14
1520,Listing 1520,4518,Host415,Manhattan,Chelsea,40.64717,-73.83425,Private room,228.76,2,20,2023-06-15,0.76,4,264
1521,Listing 1521,6566,Host386,Manhattan,Harlem,40.64316,-73.76953,Private room,160.32,1,24,2023-06-15,0.96,9,29
1522,Listing 1522,8784,Host287,Staten Island,Tottenville,40.84934,-73.851,Private room,20.0,1,14,2023-06-15,0.91,4,52
1523,Listing 1523,1483,Host6,Manhattan,Chelsea,40.6605,-73.98322,Entire home/apt,257.68,2,29,2023-06-15,0.17,7,57
1524,Listing 1524,7373,Host227,Bronx,Riverdale,40.63798,-73.8144,Entire home/apt,76.07,1,19,2023-06-15,1.38,6,94
1525,Listing 1525,5888,Host74,Manhattan,Upper West Side,40.57155,-73.82257,Entire home/apt,196.36,5,17,2023-06-15,1.57,4,269
1526,Listing 1526,9255,Host239,Queens,Flushing,40.66674,-73.7564,Private room,20.0,2,23,2023-06-15,3.47,8,359
1527,Listing 1527,5610,Host407,Brooklyn,Bushwick,40.58948,-73.79675,Private room,85.56,2,20,2023-06-15,0.28,8,61
1528,Listing 1528,9589,Host495,Brooklyn,Park Slope,40.89552,-73.9824,Entire home/apt,135.65,3,21,2023-06-15,1.2,6,335
1529,Listing 1529,2893,Host131,Brooklyn,Park Slope,40.7437,-73.83667,Private room,64.23,1,25,2023-06-15,0.07,3,295
1530,Listing 1530,7691,Host408,Manhattan,Chelsea,40.77066,-74.0181,Private room,38.06,1,20,2023-06-15,2.36,4,226
1531,Listing 1531,5274,Host453,Brooklyn,Bedford-Stuyvesant,40.65443,-73.89511,Private room,111.55,2,14,2023-06-15,0.08,4,71
1532,Listing 1532,9893,Host293,Brooklyn,Williamsburg,40.55425,-73.91552,Private room,115.69,1,16,2023-06-15,0.69,1,138
1533,Listing 1533,2659,Host367,Brooklyn,Bushwick,40.69348,-73.757,Private room,138.91,1,18,2023-06-15,1.84,5,79
1534,Listing 1534,3605,Host491,Queens,Flushing,40.81331,-74.00405,Entire home/apt,96.78,3,19,2023-06-15,1.43,9,11
1535,Listing 1535,8281,Host407,Manhattan,Chelsea,40.57409,-73.97785,Entire home/apt,301.55,1,15,2023-06-15,6.23,9,129
1536,Listing 1536,6243,Host256,Manhattan,Upper West Side,40.80805,-74.00364,Shared room,57.58,3,25,2023-06-15,4.52,9,285
1537,Listing 1537,4325,Host162,Manhattan,Chelsea,40.54244,-73.91457,Entire home/apt,166.17,2,22,2023-06-15,2.64,8,117
1538,Listing 1538,2177,Host250,Manhattan,Upper West Side,40.81516,-74.038,Private room,204.47,7,28,2023-06-15,0.79,2,11
1539,Listing 1539,8224,Host78,Brooklyn,Williamsburg,40.89548,-73.79987,Entire home/apt,192.7,1,14,2023-06-15,0.42,7,252
1540,Listing 1540,1735,Host340,Brooklyn,Williamsburg,40.72462,-74.03036,Private room,64.3,2,20,2023-06-15,1.38,9,1
1541,Listing 1541,1629,Host352,Brooklyn,Williamsburg,40.80496,-73.99492,Entire home/apt,135.29,3,12,2023-06-15,1.63,7,82
1542,Listing 1542,4804,Host311,Brooklyn,Bushwick,40.66175,-73.87681,Private room,163.0,7,23,2023-06-15,1.45,5,178
1543,Listing 1543,7721,Host96,Manhattan,Chelsea,40.65926,-74.00789,Private room,135.45,1,20,2023-06-15,2.59,9,123
1544,Listing 1544,9208,Host424,Brooklyn,Bushwick,40.65169,-73.72992,Private room,20.0,1,23,2023-06-15,0.71,9,26
1545,Listing 1545,5940,Host155,Manhattan,Upper West Side,40.52318,-73.74237,Shared room,116.65,1,19,2023-06-15,0.1,7,254
1546,Listing 1546,9815,Host174,Manhattan,SoHo,40.82523,-73.78165,Entire home/apt,219.57,3,19,2023-06-15,0.23,2,176
1547,Listing 1547,2560,Host355,Queens,Long Island City,40.71139,-73.70868,Private room,20.0,2,20,2023-06-15,0.09,1,361
1548,Listing 1548,1026,Host42,Brooklyn,Bedford-Stuyvesant,40.59796,-73.96489,Entire home/apt,176.95,2,20,2023-06-15,3.76,5,363
1549,Listing 1549,9391,Host473,Brooklyn,Bedford-Stuyvesant,40.87894,-73.75421,Entire home/apt,175.97,30,23,2023-06-15,0.4,6,253
1550,Listing 1550,3214,Host321,Staten Island,St. George,40.81689,-74.02035,Entire home/apt,154.46,2,14,2023-06-15,4.06,3,229
1551,Listing 1551,9604,Host456,Bronx,Riverdale,40.79751,-74.01173,Private room,67.69,2,24,2023-06-15,2.21,4,29
1552,Listing 1552,7299,Host406,Bronx,Fordham,40.80088,-73.96881,Entire home/apt,20.0,30,20,2023-06-15,0.72,4,339
1553,Listing 1553,1637,Host165,Manhattan,Upper West Side,40.73955,-73.78271,Entire home/apt,200.87,7,17,2023-06-15,0.62,1,76
1554,Listing 1554,6184,Host449,Queens,Long Island City,40.57256,-73.92657,Entire home/apt,95.84,1,18,2023-06-15,0.39,9,119
1555,Listing 1555,2316,Host184,Manhattan,Upper West Side,40.83033,-73.86068,Entire home/apt,197.47,2,22,2023-06-15,0.06,4,89
1556,Listing 1556,5604,Host105,Queens,Astoria,40.61897,-73.73301,Entire home/apt,112.02,2,16,2023-06-15,1.9,9,42
1557,Listing 1557,4768,Host112,Queens,Flushing,40.62608,-73.79767,Entire home/apt,112.88,3,28,2023-06-15,1.39,5,342
1558,Listing 1558,3444,Host24,Queens,Long Island City,40.57132,-73.73225,Private room,89.41,2,20,2023-06-15,0.72,4,13
1559,Listing 1559,3423,Host53,Manhattan,Upper West Side,40.77016,-73.9514,Entire home/apt,249.67,1,14,2023-06-15,2.04,4,21
1560,Listing 1560,4762,Host480,Staten Island,St. George,40.85244,-73.86228,Entire home/apt,127.4,30,23,2023-06-15,0.62,5,276
1561,Listing 1561,8532,Host228,Queens,Astoria,40.86291,-74.00256,Private room,119.63,1,22,2023-06-15,1.38,2,44
1562,Listing 1562,7712,Host488,Staten Island,Tottenville,40.85288,-73.80899,Entire home/apt,163.69,1,19,2023-06-15,3.84,4,124
1563,Listing 1563,8076,Host412,Queens,Astoria,40.61312,-73.90035,Entire home/apt,149.58,1,27,2023-06-15,0.54,3,159
1564,Listing 1564,5175,Host14,Brooklyn,Bedford-Stuyvesant,40.80465,-73.87451,Entire home/apt,211.8,5,19,2023-06-15,1.34,4,70
1565,Listing 1565,6628,Host365,Manhattan,Chelsea,40.71965,-73.71872,Entire home/apt,271.2,1,14,2023-06-15,1.87,9,317
1566,Listing 1566,6677,Host467,Brooklyn,Park Slope,40.89709,-73.79213,Private room,119.92,1,20,2023-06-15,1.4,4,145
1567,Listing 1567,2363,Host162,Manhattan,Upper West Side,40.65741,-73.8877,Private room,104.84,1,27,2023-06-15,0.85,9,53
1568,Listing 1568,5150,Host5,Queens,Long Island City,40.88386,-73.85247,Entire home/apt,78.82,30,24,2023-06-15,0.59,2,81
1569,Listing 1569,8051,Host258,Brooklyn,Bedford-Stuyvesant,40.77825,-73.71934,Entire home/apt,183.24,1,18,2023-06-15,0.19,1,141
1570,Listing 1570,5151,Host374,Manhattan,Chelsea,40.70175,-73.71151,Entire home/apt,325.59,3,17,2023-06-15,0.13,3,297
1571,Listing 1571,4080,Host413,Brooklyn,Williamsburg,40.50383,-73.93423,Private room,82.7,3,22,2023-06-15,1.11,2,288
1572,Listing 1572,3031,Host485,Brooklyn,Bedford-Stuyvesant,40.56039,-73.76175,Entire home/apt,181.6,1,19,2023-06-15,1.78,7,99
1573,Listing 1573,6255,Host327,Manhattan,Harlem,40.51723,-73.99521,Entire home/apt,259.78,2,19,2023-06-15,0.09,1,59
1574,Listing 1574,3407,Host64,Manhattan,Harlem,40.87752,-73.93063,Entire home/apt,236.97,3,20,2023-06-15,2.25,6,148
1575,Listing 1575,4268,Host135,Queens,Astoria,40.50592,-73.95602,Private room,105.48,1,20,2023-06-15,1.73,8,296
1576,Listing 1576,8506,Host236,Brooklyn,Williamsburg,40.63584,-73.99923,Shared room,39.5,5,26,2023-06-15,0.07,9,174
1577,Listing 1577,5907,Host299,Manhattan,SoHo,40.72087,-73.75382,Entire home/apt,292.22,1,19,2023-06-15,0.39,4,361
1578,Listing 1578,6679,Host317,Brooklyn,Williamsburg,40.61096,-73.8014,Entire home/apt,255.56,2,14,2023-06-15,1.79,5,135
1579,Listing 1579,2382,Host235,Manhattan,Harlem,40.7416,-73.95933,Entire home/apt,267.49,5,15,2023-06-15,2.87,5,92
1580,Listing 1580,2290,Host355,Brooklyn,Bushwick,40.81004,-73.78552,Entire home/apt,163.87,2,16,2023-06-15,0.63,5,318
1581,Listing 1581,7767,Host474,Queens,Flushing,40.7141,-73.73056,Private room,82.29,1,22,2023-06-15,0.01,5,339
1582,Listing 1582,5014,Host182,Queens,Flushing,40.59373,-73.87001,Private room,154.74,3,18,2023-06-15,0.29,5,318
1583,Listing 1583,1202,Host402,Manhattan,Harlem,40.74611,-73.99248,Entire home/apt,224.52,1,24,2023-06-15,0.18,1,96
1584,Listing 1584,3983,Host300,Brooklyn,Park Slope,40.52038,-73.8758,Entire home/apt,86.88,1,22,2023-06-15,0.04,1,227
1585,Listing 1585,1406,Host245,Brooklyn,Bushwick,40.62987,-73.88994,Private room,73.16,1,26,2023-06-15,3.47,2,191
1586,Listing 1586,2101,Host52,Manhattan,Chelsea,40.84703,-73.87314,Private room,151.26,5,23,2023-06-15,0.88,9,50
1587,Listing 1587,6850,Host328,Manhattan,SoHo,40.62421,-73.92384,Entire home/apt,221.73,2,21,2023-06-15,0.25,9,307
1588,Listing 1588,2664,Host230,Brooklyn,Bedford-Stuyvesant,40.6638,-73.88692,Entire home/apt,169.21,1,13,2023-06-15,0.37,4,318
1589,Listing 1589,5846,Host360,Brooklyn,Bushwick,40.60117,-73.76636,Entire home/apt,260.26,1,23,2023-06-15,0.19,5,8
1590,Listing 1590,7807,Host87,Brooklyn,Bushwick,40.80659,-73.74106,Entire home/apt,112.59,5,19,2023-06-15,0.33,4,230
1591,Listing 1591,9138,Host22,Queens,Flushing,40.57235,-73.9852,Entire home/apt,149.74,1,24,2023-06-15,0.16,8,232
1592,Listing 1592,3376,Host333,Manhattan,SoHo,40.81655,-73.99919,Shared room,80.94,7,20,2023-06-15,1.23,9,138
1593,Listing 1593,3817,Host254,Manhattan,SoHo,40.71939,-74.01831,Private room,149.37,1,10,2023-06-15,2.84,2,338
1594,Listing 1594,2956,Host277,Brooklyn,Williamsburg,40.86483,-73.7897,Private room,70.15,1,13,2023-06-15,3.77,1,140
1595,Listing 1595,2015,Host288,Manhattan,Upper West Side,40.61228,-73.93687,Private room,55.02,1,14,2023-06-15,0.06,4,89
1596,Listing 1596,7861,Host32,Bronx,Riverdale,40.86509,-73.8796,Entire home/apt,99.98,5,23,2023-06-15,1.75,2,72
1597,Listing 1597,3844,Host279,Brooklyn,Bushwick,40.82634,-73.91203,Entire home/apt,126.56,1,22,2023-06-15,0.34,6,36
1598,Listing 1598,1017,Host486,Brooklyn,Bushwick,40.62279,-73.97325,Entire home/apt,113.43,3,18,2023-06-15,0.72,1,163
1599,Listing 1599,7665,Host452,Brooklyn,Bushwick,40.77258,-73.72182,Shared room,66.72,1,16,2023-06-15,1.6,7,254
1600,Listing 1600,2185,Host340,Staten Island,Tottenville,40.6161,-73.89058,Entire home/apt,152.36,1,21,2023-06-15,1.35,9,40
1601,Listing 1601,4204,Host86,Manhattan,Upper West Side,40.58457,-73.78917,Entire home/apt,238.24,2,28,2023-06-15,1.67,7,307
1602,Listing 1602,5254,Host493,Brooklyn,Williamsburg,40.50175,-73.86794,Private room,65.63,1,23,2023-06-15,2.14,3,6
1603,Listing 1603,3631,Host202,Queens,Long Island City,40.53773,-73.86497,Private room,46.08,1,18,2023-06-15,0.47,1,365
1604,Listing 1604,8164,Host41,Brooklyn,Bedford-Stuyvesant,40.55585,-73.9763,Private room,26.22,3,14,2023-06-15,0.66,5,185
1605,Listing 1605,5174,Host494,Manhattan,Chelsea,40.86811,-73.74198,Shared room,94.66,2,18,2023-06-15,0.37,7,42
1606,Listing 1606,5345,Host144,Queens,Flushing,40.56669,-73.84826,Private room,59.6,5,16,2023-06-15,0.85,9,93
1607,Listing 1607,6850,Host195,Queens,Long Island City,40.75425,-73.81809,Entire home/apt,101.07,3,23,2023-06-15,1.74,1,156
1608,Listing 1608,4412,Host299,Manhattan,Upper West Side,40.58517,-73.78883,Entire home/apt,219.45,1,26,2023-06-15,1.02,4,207
1609,Listing 1609,3884,Host448,Staten Island,Tottenville,40.7472,-74.03153,Entire home/apt,126.57,3,13,2023-06-15,1.81,2,43
1610,Listing 1610,7578,Host30,Brooklyn,Williamsburg,40.50759,-73.90499,Private room,109.95,1,23,2023-06-15,0.82,1,122
1611,Listing 1611,4752,Host57,Manhattan,SoHo,40.85327,-74.01181,Entire home/apt,209.18,1,29,2023-06-15,0.13,1,181
1612,Listing 1612,3298,Host138,Manhattan,Upper West Side,40.5832,-73.8249,Entire home/apt,222.66,2,20,2023-06-15,1.17,5,20
1613,Listing 1613,3609,Host35,Manhattan,Harlem,40.7352,-73.76318,Entire home/apt,287.22,5,18,2023-06-15,1.81,7,240
1614,Listing 1614,3287,Host175,Manhattan,Upper West Side,40.89839,-73.96574,Private room,129.04,7,13,2023-06-15,0.3,4,220
1615,Listing 1615,6412,Host7,Brooklyn,Bedford-Stuyvesant,40.62007,-73.80194,Private room,143.94,1,19,2023-06-15,0.61,5,291
1616,Listing 1616,8768,Host16,Brooklyn,Williamsburg,40.8929,-73.71743,Private room,37.42,5,19,2023-06-15,0.3,8,261
1617,Listing 1617,8426,Host400,Manhattan,Upper West Side,40.84865,-73.85918,Private room,208.42,2,20,2023-06-15,1.43,9,356
1618,Listing 1618,2153,Host66,Manhattan,Chelsea,40.65617,-73.93204,Private room,171.63,2,26,2023-06-15,1.49,1,155
1619,Listing 1619,3375,Host171,Manhattan,Upper West Side,40.5776,-73.75363,Entire home/apt,233.33,2,22,2023-06-15,2.12,3,14
1620,Listing 1620,5002,Host285,Brooklyn,Bedford-Stuyvesant,40.79363,-74.01311,Private room,83.46,1,11,2023-06-15,0.21,4,141
1621,Listing 1621,8097,Host101,Manhattan,Chelsea,40.5105,-73.71828,Private room,132.56,3,12,2023-06-15,1.25,1,13
1622,Listing 1622,6057,Host403,Queens,Flushing,40.88749,-73.78695,Entire home/apt,129.76,1,18,2023-06-15,1.75,2,48
1623,Listing 1623,1699,Host114,Bronx,Riverdale,40.587,-73.80081,Entire home/apt,96.05,7,17,2023-06-15,0.13,4,150
1624,Listing 1624,5509,Host380,Manhattan,Upper West Side,40.69184,-73.949,Entire home/apt,282.75,2,15,2023-06-15,0.15,9,197
1625,Listing 1625,6745,Host385,Queens,Astoria,40.50736,-74.00253,Entire home/apt,124.21,1,13,2023-06-15,0.06,4,191
1626,Listing 1626,2415,Host341,Bronx,Riverdale,40.78995,-73.90947,Entire home/apt,110.41,1,17,2023-06-15,4.4,8,86
1627,Listing 1627,9532,Host461,Manhattan,Harlem,40.77209,-73.83804,Entire home/apt,344.66,30,17,2023-06-15,0.32,6,77
1628,Listing 1628,5757,Host193,Queens,Long Island City,40.71893,-73.88913,Entire home/apt,174.34,1,22,2023-06-15,0.13,8,333
1629,Listing 1629,4560,Host420,Manhattan,Chelsea,40.75452,-73.79058,Private room,124.05,1,21,2023-06-15,1.18,1,24
1630,Listing 1630,1362,Host138,Queens,Long Island City,40.81258,-74.03468,Entire home/apt,166.41,3,20,2023-06-15,1.41,4,267
1631,Listing 1631,2128,Host466,Manhattan,Chelsea,40.82319,-73.96148,Private room,158.33,2,20,2023-06-15,0.31,1,202
1632,Listing 1632,9515,Host279,Manhattan,Upper West Side,40.78282,-73.90339,Private room,85.58,3,14,2023-06-15,2.17,3,126
1633,Listing 1633,3962,Host219,Brooklyn,Bushwick,40.59571,-73.7594,Private room,168.74,3,18,2023-06-15,2.11,4,226
1634,Listing 1634,6658,Host490,Manhattan,SoHo,40.51263,-73.83723,Entire home/apt,285.04,2,13,2023-06-15,7.93,4,129
1635,Listing 1635,6727,Host287,Manhattan,Chelsea,40.59366,-73.7038,Private room,107.77,1,19,2023-06-15,2.51,6,193
1636,Listing 1636,5475,Host114,Manhattan,Chelsea,40.66251,-73.91359,Private room,175.98,2,19,2023-06-15,0.75,8,364
1637,Listing 1637,4343,Host283,Manhattan,Upper West Side,40.74517,-73.94383,Entire home/apt,209.76,3,27,2023-06-15,1.55,2,236
1638,Listing 1638,7909,Host425,Manhattan,Upper West Side,40.87059,-73.86762,Private room,136.57,30,20,2023-06-15,0.76,3,361
1639,Listing 1639,4683,Host273,Brooklyn,Bedford-Stuyvesant,40.81615,-73.71317,Entire home/apt,166.12,1,20,2023-06-15,3.07,1,103
1640,Listing 1640,2058,Host117,Manhattan,Harlem,40.52366,-73.70568,Private room,98.07,5,22,2023-06-15,0.09,2,214
1641,Listing 1641,6350,Host203,Manhattan,Harlem,40.7782,-73.82149,Entire home/apt,252.35,1,16,2023-06-15,1.91,5,228
1642,Listing 1642,7363,Host82,Manhattan,SoHo,40.87098,-73.78749,Entire home/apt,219.5,2,15,2023-06-15,0.74,7,31
1643,Listing 1643,6290,Host143,Brooklyn,Park Slope,40.8068,-73.97653,Private room,79.77,2,13,2023-06-15,2.26,6,12
1644,Listing 1644,5252,Host80,Manhattan,Harlem,40.50002,-73.72387,Entire home/apt,191.38,2,22,2023-06-15,0.99,3,325
1645,Listing 1645,3096,Host206,Brooklyn,Bushwick,40.53008,-73.89999,Private room,143.96,1,22,2023-06-15,4.07,6,275
1646,Listing 1646,6238,Host365,Brooklyn,Bushwick,40.88798,-73.70436,Private room,139.86,2,26,2023-06-15,0.34,3,267
1647,Listing 1647,5196,Host60,Queens,Flushing,40.79925,-73.87775,Entire home/apt,192.39,1,26,2023-06-15,0.39,3,85
1648,Listing 1648,1875,Host15,Manhattan,Chelsea,40.64989,-73.78238,Private room,194.45,1,20,2023-06-15,1.19,3,315
1649,Listing 1649,8798,Host57,Brooklyn,Bedford-Stuyvesant,40.51265,-73.89843,Shared room,69.23,3,23,2023-06-15,1.94,1,278
1650,Listing 1650,9184,Host294,Brooklyn,Bedford-Stuyvesant,40.821,-73.94632,Private room,20.0,1,20,2023-06-15,1.91,9,43
1651,Listing 1651,2977,Host447,Manhattan,Chelsea,40.60868,-73.74597,Private room,239.94,1,12,2023-06-15,4.53,2,244
1652,Listing 1652,4819,Host24,Brooklyn,Bedford-Stuyvesant,40.76344,-73.87914,Private room,49.52,1,24,2023-06-15,0.5,7,21
1653,Listing 1653,8637,Host380,Manhattan,Harlem,40.65138,-73.97185,Entire home/apt,189.83,3,23,2023-06-15,1.87,4,250
1654,Listing 1654,8661,Host350,Brooklyn,Park Slope,40.57942,-74.04879,Entire home/apt,182.47,5,18,2023-06-15,0.71,3,361
1655,Listing 1655,5587,Host473,Manhattan,Upper West Side,40.56475,-73.93492,Entire home/apt,197.54,5,15,2023-06-15,3.05,7,47
1656,Listing 1656,1227,Host495,Brooklyn,Williamsburg,40.85117,-73.77484,Entire home/apt,161.91,5,24,2023-06-15,0.98,7,157
1657,Listing 1657,4684,Host204,Manhattan,SoHo,40.89347,-73.98347,Private room,133.45,2,20,2023-06-15,2.02,1,327
1658,Listing 1658,2160,Host398,Manhattan,Harlem,40.53261,-73.9686,Entire home/apt,332.38,7,20,2023-06-15,2.2,6,109
1659,Listing 1659,7721,Host155,Brooklyn,Park Slope,40.75616,-73.72821,Entire home/apt,199.47,2,17,2023-06-15,2.13,3,344
1660,Listing 1660,5433,Host292,Manhattan,Harlem,40.74691,-73.82315,Entire home/apt,217.77,7,19,2023-06-15,0.37,5,108
1661,Listing 1661,2867,Host310,Brooklyn,Park Slope,40.58076,-73.72253,Shared room,20.0,1,19,2023-06-15,0.92,8,325
1662,Listing 1662,3700,Host475,Brooklyn,Williamsburg,40.78212,-73.88024,Entire home/apt,186.0,1,28,2023-06-15,1.86,6,344
1663,Listing 1663,8465,Host160,Queens,Flushing,40.77703,-73.96332,Private room,21.38,1,16,2023-06-15,0.31,9,120
1664,Listing 1664,5568,Host158,Manhattan,Upper West Side,40.8475,-73.83606,Entire home/apt,164.41,1,20,2023-06-15,0.07,3,27
1665,Listing 1665,7300,Host52,Manhattan,Chelsea,40.79695,-73.74205,Entire home/apt,200.7,7,16,2023-06-15,0.07,9,277
1666,Listing 1666,4948,Host178,Queens,Flushing,40.54696,-73.90408,Private room,113.47,1,14,2023-06-15,2.65,1,0
1667,Listing 1667,3925,Host478,Manhattan,Chelsea,40.78612,-73.88058,Entire home/apt,246.28,2,21,2023-06-15,0.66,5,132
1668,Listing 1668,1356,Host343,Staten Island,St. George,40.81396,-73.91537,Entire home/apt,165.1,1,21,2023-06-15,0.02,1,62
1669,Listing 1669,4178,Host365,Manhattan,Upper West Side,40.74612,-73.72331,Private room,93.96,7,21,2023-06-15,7.02,8,252
1670,Listing 1670,6177,Host384,Brooklyn,Park Slope,40.72709,-73.76536,Entire home/apt,161.81,2,18,2023-06-15,0.35,1,312
1671,Listing 1671,8791,Host408,Brooklyn,Bedford-Stuyvesant,40.64161,-73.93475,Entire home/apt,202.44,1,13,2023-06-15,0.33,1,79
1672,Listing 1672,9051,Host328,Brooklyn,Park Slope,40.88652,-73.83219,Entire home/apt,208.8,1,19,2023-06-15,1.99,7,330
1673,Listing 1673,9128,Host36,Manhattan,Chelsea,40.72602,-73.83471,Shared room,101.78,2,25,2023-06-15,0.64,1,12
1674,Listing 1674,7522,Host114,Staten Island,Tottenville,40.51644,-73.91369,Entire home/apt,57.6,2,17,2023-06-15,0.53,6,187
1675,Listing 1675,5936,Host77,Manhattan,Chelsea,40.53719,-73.73195,Entire home/apt,244.72,1,22,2023-06-15,0.57,5,178
1676,Listing 1676,4473,Host269,Brooklyn,Bushwick,40.86825,-73.78556,Private room,86.75,3,19,2023-06-15,0.12,7,341
1677,Listing 1677,1603,Host11,Bronx,Riverdale,40.8263,-74.02851,Private room,96.63,1,19,2023-06-15,0.23,7,58
1678,Listing 1678,3886,Host33,Bronx,Riverdale,40.87551,-74.04618,Private room,51.22,1,20,2023-06-15,0.21,3,338
1679,Listing 1679,3759,Host59,Manhattan,Harlem,40.59396,-73.94459,Entire home/apt,236.53,1,22,2023-06-15,0.1,9,308
1680,Listing 1680,9209,Host235,Brooklyn,Bushwick,40.55926,-73.70225,Private room,107.18,2,21,2023-06-15,0.03,2,283
1681,Listing 1681,8461,Host375,Brooklyn,Williamsburg,40.69987,-73.94263,Private room,140.9,2,20,2023-06-15,0.4,8,167
1682,Listing 1682,7291,Host337,Brooklyn,Williamsburg,40.85139,-73.83893,Shared room,105.72,2,16,2023-06-15,2.81,8,5
1683,Listing 1683,5665,Host215,Manhattan,Harlem,40.85616,-73.74846,Private room,162.42,1,18,2023-06-15,0.11,7,118
1684,Listing 1684,5069,Host133,Staten Island,Tottenville,40.50878,-73.78095,Entire home/apt,75.6,7,18,2023-06-15,0.99,4,186
1685,Listing 1685,1450,Host339,Queens,Astoria,40.73127,-74.02848,Shared room,40.42,2,14,2023-06-15,1.37,9,283
1686,Listing 1686,7643,Host470,Brooklyn,Bushwick,40.80208,-73.82066,Entire home/apt,216.85,1,16,2023-06-15,0.6,2,6
1687,Listing 1687,4736,Host265,Manhattan,SoHo,40.58611,-73.70223,Private room,100.29,3,18,2023-06-15,0.46,1,50
1688,Listing 1688,3205,Host282,Brooklyn,Park Slope,40.81433,-73.97171,Private room,131.69,3,19,2023-06-15,0.38,7,32
1689,Listing 1689,9221,Host347,Brooklyn,Bushwick,40.74431,-73.83603,Entire home/apt,250.46,3,18,2023-06-15,2.98,7,294
1690,Listing 1690,8144,Host425,Bronx,Fordham,40.61207,-73.77095,Private room,106.63,2,19,2023-06-15,1.98,3,345
1691,Listing 1691,3175,Host358,Queens,Astoria,40.79078,-74.04584,Private room,20.0,1,20,2023-06-15,0.41,8,266
1692,Listing 1692,1420,Host316,Staten Island,St. George,40.62872,-73.93259,Entire home/apt,20.0,3,20,2023-06-15,1.08,2,211
1693,Listing 1693,5989,Host331,Manhattan,Harlem,40.59247,-73.70725,Private room,86.27,2,16,2023-06-15,0.05,8,90
1694,Listing 1694,2067,Host90,Staten Island,Tottenville,40.89869,-73.9527,Private room,107.78,3,21,2023-06-15,0.84,3,361
1695,Listing 1695,5013,Host248,Brooklyn,Park Slope,40.76658,-73.95688,Entire home/apt,188.12,1,29,2023-06-15,0.12,3,60
1696,Listing 1696,3186,Host106,Manhattan,Upper West Side,40.82663,-73.70508,Private room,121.5,7,18,2023-06-15,1.64,7,140
1697,Listing 1697,6528,Host407,Staten Island,Tottenville,40.78774,-74.043,Entire home/apt,46.53,30,16,2023-06-15,0.68,1,73
1698,Listing 1698,6810,Host386,Queens,Flushing,40.56106,-73.92172,Private room,81.6,1,16,2023-06-15,1.22,3,225
1699,Listing 1699,5418,Host181,Brooklyn,Bedford-Stuyvesant,40.63872,-73.71046,Entire home/apt,188.7,3,17,2023-06-15,0.62,3,210
1700,Listing 1700,2087,Host112,Manhattan,Harlem,40.84958,-73.99563,Private room,148.11,5,16,2023-06-15,2.78,8,362
1701,Listing 1701,3393,Host336,Queens,Flushing,40.66429,-73.9386,Entire home/apt,138.18,1,18,2023-06-15,0.54,8,47
1702,Listing 1702,7456,Host64,Brooklyn,Bedford-Stuyvesant,40.5888,-73.85791,Entire home/apt,180.19,7,27,2023-06-15,0.1,4,53
1703,Listing 1703,2961,Host160,Brooklyn,Bushwick,40.83059,-73.9288,Private room,148.48,1,17,2023-06-15,0.76,7,42
1704,Listing 1704,7268,Host96,Brooklyn,Park Slope,40.75998,-73.86915,Entire home/apt,260.75,1,19,2023-06-15,0.09,5,280
1705,Listing 1705,9009,Host424,Manhattan,Upper West Side,40.68499,-73.71686,Private room,135.99,1,20,2023-06-15,2.29,1,55
1706,Listing 1706,2002,Host278,Brooklyn,Williamsburg,40.50442,-73.85938,Entire home/apt,122.88,2,19,2023-06-15,3.0,8,63
1707,Listing 1707,1570,Host243,Queens,Flushing,40.59766,-73.72878,Entire home/apt,139.41,2,19,2023-06-15,0.66,8,15
1708,Listing 1708,7512,Host156,Manhattan,Harlem,40.84668,-73.96558,Private room,142.41,1,22,2023-06-15,0.71,4,241
1709,Listing 1709,6031,Host104,Brooklyn,Bedford-Stuyvesant,40.61626,-73.94318,Private room,100.87,3,19,2023-06-15,0.12,8,164
1710,Listing 1710,5861,Host157,Brooklyn,Williamsburg,40.70312,-73.73262,Entire home/apt,202.98,1,23,2023-06-15,1.66,9,224
1711,Listing 1711,5312,Host196,Bronx,Fordham,40.75358,-73.9496,Entire home/apt,146.72,1,13,2023-06-15,0.26,3,136
1712,Listing 1712,8026,Host54,Staten Island,Tottenville,40.71593,-73.9951,Entire home/apt,204.67,2,12,2023-06-15,0.5,4,353
1713,Listing 1713,6180,Host461,Manhattan,Upper West Side,40.72348,-74.01842,Private room,184.13,1,17,2023-06-15,0.46,4,91
1714,Listing 1714,6402,Host21,Queens,Flushing,40.67424,-73.8367,Private room,45.77,3,23,2023-06-15,1.26,7,200
1715,Listing 1715,4877,Host451,Brooklyn,Bedford-Stuyvesant,40.56097,-73.74569,Entire home/apt,195.39,7,20,2023-06-15,0.8,2,118
1716,Listing 1716,1841,Host328,Queens,Flushing,40.61829,-73.78391,Entire home/apt,129.56,1,22,2023-06-15,0.01,6,36
1717,Listing 1717,7867,Host175,Manhattan,SoHo,40.815,-74.02413,Private room,120.45,2,18,2023-06-15,0.63,5,133
1718,Listing 1718,5324,Host294,Brooklyn,Bedford-Stuyvesant,40.55397,-73.84113,Entire home/apt,154.92,1,21,2023-06-15,0.15,5,248
1719,Listing 1719,6794,Host71,Brooklyn,Bushwick,40.74716,-73.74151,Entire home/apt,212.14,1,24,2023-06-15,0.63,8,151
1720,Listing 1720,7127,Host290,Manhattan,Upper West Side,40.84432,-73.82814,Private room,141.52,1,18,2023-06-15,0.59,8,264
1721,Listing 1721,2660,Host16,Manhattan,SoHo,40.52483,-73.94361,Entire home/apt,174.47,1,24,2023-06-15,0.14,6,364
1722,Listing 1722,5171,Host369,Queens,Flushing,40.52416,-73.84115,Private room,66.08,3,17,2023-06-15,1.73,4,36
1723,Listing 1723,8394,Host11,Brooklyn,Williamsburg,40.75921,-74.02252,Entire home/apt,174.26,1,29,2023-06-15,1.67,4,340
1724,Listing 1724,2205,Host297,Queens,Astoria,40.58488,-73.83253,Private room,64.23,2,19,2023-06-15,1.3,2,348
1725,Listing 1725,6786,Host173,Bronx,Fordham,40.60082,-73.77529,Entire home/apt,110.15,2,16,2023-06-15,1.58,6,146
1726,Listing 1726,5313,Host393,Manhattan,SoHo,40.78548,-73.81812,Entire home/apt,163.7,1,14,2023-06-15,0.38,3,181
1727,Listing 1727,9572,Host407,Manhattan,Upper West Side,40.79904,-74.04839,Private room,149.42,1,22,2023-06-15,0.09,5,50
1728,Listing 1728,5983,Host474,Queens,Flushing,40.77548,-74.00095,Private room,127.13,1,27,2023-06-15,0.29,4,162
1729,Listing 1729,7636,Host30,Brooklyn,Bedford-Stuyvesant,40.52473,-73.74168,Private room,98.83,1,22,2023-06-15,0.61,9,218
1730,Listing 1730,6630,Host31,Brooklyn,Bushwick,40.74625,-73.77377,Private room,78.32,7,18,2023-06-15,0.11,6,129
1731,Listing 1731,9187,Host478,Brooklyn,Bushwick,40.81607,-73.97142,Entire home/apt,192.79,1,13,2023-06-15,0.83,2,270
1732,Listing 1732,4362,Host372,Brooklyn,Bedford-Stuyvesant,40.53844,-73.74601,Private room,145.61,1,23,2023-06-15,0.06,7,286
1733,Listing 1733,1996,Host376,Bronx,Riverdale,40.61472,-73.96245,Entire home/apt,86.94,1,19,2023-06-15,1.63,4,307
1734,Listing 1734,9715,Host403,Bronx,Fordham,40.60107,-74.00307,Private room,110.2,1,19,2023-06-15,0.36,7,365
1735,Listing 1735,6813,Host159,Queens,Long Island City,40.74311,-73.77662,Private room,49.44,2,20,2023-06-15,1.46,4,299
1736,Listing 1736,7579,Host294,Queens,Astoria,40.82028,-73.79963,Private room,76.16,3,29,2023-06-15,2.74,8,91
1737,Listing 1737,6310,Host47,Manhattan,SoHo,40.76346,-73.72722,Entire home/apt,267.49,2,23,2023-06-15,0.48,5,84
1738,Listing 1738,5094,Host451,Manhattan,Upper West Side,40.5265,-73.88989,Private room,163.95,3,15,2023-06-15,0.32,1,48
1739,Listing 1739,5306,Host202,Manhattan,Upper West Side,40.64614,-74.03343,Entire home/apt,202.21,1,14,2023-06-15,0.2,1,119
1740,Listing 1740,8591,Host48,Brooklyn,Park Slope,40.62761,-73.87511,Entire home/apt,156.1,1,22,2023-06-15,0.01,5,130
1741,Listing 1741,9224,Host133,Manhattan,Chelsea,40.67301,-74.03528,Entire home/apt,206.42,1,12,2023-06-15,0.25,1,26
1742,Listing 1742,6043,Host226,Manhattan,SoHo,40.84725,-73.84979,Private room,107.08,2,30,2023-06-15,0.53,9,13
1743,Listing 1743,6049,Host69,Manhattan,Upper West Side,40.60078,-74.04221,Private room,104.13,1,13,2023-06-15,0.24,3,146
1744,Listing 1744,8982,Host14,Manhattan,Harlem,40.88163,-73.8392,Private room,131.03,7,16,2023-06-15,0.94,4,142
1745,Listing 1745,3926,Host376,Brooklyn,Williamsburg,40.8786,-73.96911,Private room,122.43,1,21,2023-06-15,1.3,9,354
1746,Listing 1746,5547,Host399,Brooklyn,Bedford-Stuyvesant,40.71934,-73.80549,Entire home/apt,119.49,1,21,2023-06-15,1.4,4,138
1747,Listing 1747,8792,Host227,Brooklyn,Bushwick,40.52223,-73.79905,Shared room,55.18,1,14,2023-06-15,3.17,1,199
1748,Listing 1748,9355,Host113,Manhattan,Upper West Side,40.66406,-73.9991,Entire home/apt,185.88,3,14,2023-06-15,2.04,7,234
1749,Listing 1749,6407,Host66,Manhattan,Harlem,40.88771,-73.71551,Entire home/apt,277.89,2,25,2023-06-15,0.86,3,279
1750,Listing 1750,8190,Host417,Bronx,Riverdale,40.64338,-73.96838,Private room,87.29,1,21,2023-06-15,0.99,2,312
1751,Listing 1751,6156,Host19,Manhattan,Upper West Side,40.65615,-73.88896,Private room,146.47,1,25,2023-06-15,0.79,3,96
1752,Listing 1752,6978,Host294,Brooklyn,Williamsburg,40.73397,-74.01984,Entire home/apt,222.01,5,27,2023-06-15,0.1,1,149
1753,Listing 1753,3097,Host10,Staten Island,Tottenville,40.76167,-73.9871,Entire home/apt,98.52,2,26,2023-06-15,0.8,1,173
1754,Listing 1754,2920,Host420,Manhattan,Upper West Side,40.62775,-73.82414,Private room,162.03,1,18,2023-06-15,2.91,2,154
1755,Listing 1755,5507,Host315,Brooklyn,Bedford-Stuyvesant,40.68504,-73.98466,Private room,165.55,5,25,2023-06-15,0.46,8,61
1756,Listing 1756,1715,Host318,Staten Island,St. George,40.55336,-73.93596,Entire home/apt,95.38,1,21,2023-06-15,0.63,8,296
1757,Listing 1757,5669,Host158,Bronx,Fordham,40.82715,-73.96412,Entire home/apt,64.62,3,24,2023-06-15,0.05,9,47
1758,Listing 1758,3416,Host460,Manhattan,SoHo,40.52811,-73.74563,Private room,86.94,2,19,2023-06-15,0.46,2,335
1759,Listing 1759,4472,Host13,Manhattan,Harlem,40.86366,-73.80208,Entire home/apt,303.16,7,15,2023-06-15,1.58,4,304
1760,Listing 1760,5718,Host146,Brooklyn,Bedford-Stuyvesant,40.89957,-73.94507,Entire home/apt,231.88,5,20,2023-06-15,1.99,1,253
1761,Listing 1761,6066,Host2,Queens,Flushing,40.64765,-73.87538,Private room,20.0,1,15,2023-06-15,1.06,6,17
1762,Listing 1762,3674,Host351,Brooklyn,Williamsburg,40.70982,-73.82435,Entire home/apt,206.17,2,28,2023-06-15,0.42,6,37
1763,Listing 1763,9072,Host399,Manhattan,Upper West Side,40.88332,-73.73727,Entire home/apt,249.25,2,25,2023-06-15,0.56,8,360
1764,Listing 1764,5457,Host441,Manhattan,Upper West Side,40.61897,-74.01147,Entire home/apt,266.73,1,18,2023-06-15,1.94,6,180
1765,Listing 1765,3026,Host437,Manhattan,SoHo,40.68354,-73.82071,Entire home/apt,260.69,5,16,2023-06-15,2.6,1,327
1766,Listing 1766,3911,Host242,Manhattan,Chelsea,40.53503,-73.87664,Private room,139.99,7,27,2023-06-15,0.91,3,181
1767,Listing 1767,6433,Host169,Manhattan,Upper West Side,40.61754,-73.95334,Private room,111.22,5,14,2023-06-15,3.66,3,348
1768,Listing 1768,4282,Host463,Manhattan,Upper West Side,40.75277,-74.01135,Entire home/apt,188.2,2,27,2023-06-15,0.74,1,102
1769,Listing 1769,9416,Host475,Queens,Astoria,40.71961,-73.8443,Entire home/apt,117.79,2,19,2023-06-15,1.18,1,266
1770,Listing 1770,2618,Host292,Brooklyn,Bushwick,40.71692,-73.96514,Entire home/apt,195.97,1,14,2023-06-15,0.03,8,118
1771,Listing 1771,4079,Host403,Staten Island,Tottenville,40.73522,-73.87009,Private room,26.46,5,16,2023-06-15,1.88,1,286
1772,Listing 1772,7187,Host304,Brooklyn,Park Slope,40.54858,-73.84728,Entire home/apt,214.67,7,24,2023-06-15,3.72,3,225
1773,Listing 1773,5687,Host238,Brooklyn,Bushwick,40.56215,-73.82962,Entire home/apt,239.47,2,21,2023-06-15,0.24,5,50
1774,Listing 1774,2823,Host429,Manhattan,SoHo,40.65787,-73.79317,Entire home/apt,238.74,2,18,2023-06-15,2.18,3,287
1775,Listing 1775,3978,Host237,Manhattan,Harlem,40.8764,-73.95163,Private room,151.7,7,32,2023-06-15,4.4,3,246
1776,Listing 1776,9714,Host448,Brooklyn,Williamsburg,40.77777,-73.7111,Shared room,44.76,3,16,2023-06-15,0.12,6,204
1777,Listing 1777,6166,Host127,Manhattan,SoHo,40.53221,-73.74702,Entire home/apt,226.83,2,19,2023-06-15,0.57,9,308
1778,Listing 1778,2914,Host82,Brooklyn,Williamsburg,40.69134,-73.82006,Private room,58.32,5,18,2023-06-15,0.47,6,144
1779,Listing 1779,2652,Host392,Brooklyn,Bedford-Stuyvesant,40.78346,-73.87379,Private room,53.96,2,20,2023-06-15,1.02,7,281
1780,Listing 1780,8937,Host26,Queens,Astoria,40.62251,-74.01866,Entire home/apt,96.31,1,16,2023-06-15,0.08,8,30
1781,Listing 1781,3620,Host403,Brooklyn,Bushwick,40.7231,-73.80982,Entire home/apt,129.0,1,25,2023-06-15,0.32,9,178
1782,Listing 1782,5020,Host163,Brooklyn,Park Slope,40.56365,-73.94159,Entire home/apt,221.7,1,18,2023-06-15,3.83,5,194
1783,Listing 1783,9271,Host233,Queens,Long Island City,40.82345,-73.99796,Shared room,87.9,1,12,2023-06-15,1.09,9,118
1784,Listing 1784,3928,Host258,Bronx,Fordham,40.51505,-73.78118,Entire home/apt,20.0,1,14,2023-06-15,1.74,3,236
1785,Listing 1785,9857,Host43,Brooklyn,Park Slope,40.51857,-73.94701,Private room,68.81,2,17,2023-06-15,2.07,9,218
1786,Listing 1786,8842,Host344,Brooklyn,Bedford-Stuyvesant,40.6288,-73.94545,Private room,92.93,1,18,2023-06-15,0.18,1,177
1787,Listing 1787,6597,Host498,Brooklyn,Bedford-Stuyvesant,40.81748,-74.02872,Private room,131.71,2,25,2023-06-15,0.73,8,351
1788,Listing 1788,1090,Host44,Manhattan,Harlem,40.72746,-73.93071,Entire home/apt,287.35,3,22,2023-06-15,1.15,7,315
1789,Listing 1789,5715,Host345,Manhattan,Upper West Side,40.79013,-73.88168,Entire home/apt,220.88,2,25,2023-06-15,5.43,9,122
1790,Listing 1790,7684,Host86,Manhattan,Upper West Side,40.89522,-73.80812,Private room,166.94,7,14,2023-06-15,0.45,3,215
1791,Listing 1791,5270,Host492,Brooklyn,Park Slope,40.63541,-73.96046,Entire home/apt,169.03,1,21,2023-06-15,0.31,3,245
1792,Listing 1792,1478,Host399,Brooklyn,Williamsburg,40.70813,-73.92833,Entire home/apt,159.23,1,16,2023-06-15,2.04,7,20
1793,Listing 1793,1220,Host364,Manhattan,SoHo,40.60207,-73.93579,Entire home/apt,302.76,1,17,2023-06-15,1.55,5,130
1794,Listing 1794,2604,Host28,Queens,Flushing,40.63759,-73.78698,Private room,97.22,7,19,2023-06-15,0.71,5,174
1795,Listing 1795,1228,Host267,Brooklyn,Williamsburg,40.58408,-73.74364,Private room,185.38,2,16,2023-06-15,1.35,8,348
1796,Listing 1796,4145,Host269,Staten Island,Tottenville,40.61009,-73.7629,Private room,28.27,1,25,2023-06-15,0.51,9,109
1797,Listing 1797,9069,Host352,Brooklyn,Bushwick,40.62362,-73.97742,Entire home/apt,173.37,2,15,2023-06-15,0.67,9,70
1798,Listing 1798,5587,Host130,Manhattan,Upper West Side,40.88956,-73.85038,Private room,116.63,7,26,2023-06-15,0.92,1,202
1799,Listing 1799,5571,Host324,Brooklyn,Bushwick,40.5733,-73.7797,Entire home/apt,208.08,1,15,2023-06-15,0.6,2,143
1800,Listing 1800,5312,Host156,Brooklyn,Bedford-Stuyvesant,40.54529,-73.9773,Entire home/apt,177.43,7,31,2023-06-15,0.19,4,153
1801,Listing 1801,1328,Host282,Manhattan,Upper West Side,40.67072,-73.92523,Entire home/apt,233.06,30,20,2023-06-15,0.59,4,300
1802,Listing 1802,5636,Host227,Brooklyn,Bushwick,40.52333,-73.99619,Entire home/apt,140.98,7,21,2023-06-15,1.42,8,152
1803,Listing 1803,3633,Host328,Manhattan,Chelsea,40.55468,-73.93117,Private room,118.57,7,13,2023-06-15,0.08,3,194
1804,Listing 1804,6351,Host332,Manhattan,SoHo,40.74975,-74.02696,Entire home/apt,243.26,2,21,2023-06-15,0.15,6,194
1805,Listing 1805,3435,Host415,Brooklyn,Park Slope,40.68061,-73.78082,Private room,90.02,3,20,2023-06-15,0.37,7,141
1806,Listing 1806,5605,Host103,Brooklyn,Williamsburg,40.64977,-73.7884,Entire home/apt,112.81,5,21,2023-06-15,1.21,3,265
1807,Listing 1807,3386,Host72,Manhattan,Chelsea,40.86635,-73.91298,Private room,99.26,5,15,2023-06-15,1.83,8,196
1808,Listing 1808,4045,Host383,Manhattan,SoHo,40.54801,-73.72479,Entire home/apt,199.06,1,20,2023-06-15,0.66,7,138
1809,Listing 1809,6805,Host144,Brooklyn,Park Slope,40.84091,-74.04559,Private room,78.32,1,26,2023-06-15,0.89,9,98
1810,Listing 1810,7864,Host227,Manhattan,Harlem,40.73128,-74.01566,Entire home/apt,244.26,7,13,2023-06-15,1.87,8,194
1811,Listing 1811,2066,Host411,Brooklyn,Park Slope,40.5917,-74.03897,Entire home/apt,185.34,2,25,2023-06-15,1.92,8,230
1812,Listing 1812,1862,Host452,Manhattan,SoHo,40.83648,-73.82295,Entire home/apt,251.81,2,23,2023-06-15,0.11,7,68
1813,Listing 1813,8063,Host51,Brooklyn,Williamsburg,40.83779,-73.82416,Private room,98.86,5,28,2023-06-15,3.82,6,226
1814,Listing 1814,3075,Host121,Brooklyn,Bedford-Stuyvesant,40.50774,-73.92543,Entire home/apt,245.15,1,17,2023-06-15,3.03,6,249
1815,Listing 1815,4662,Host475,Manhattan,Upper West Side,40.84798,-73.85428,Private room,128.92,5,19,2023-06-15,0.85,2,72
1816,Listing 1816,6612,Host134,Manhattan,Upper West Side,40.6107,-73.71951,Entire home/apt,247.55,1,21,2023-06-15,1.55,4,182
1817,Listing 1817,5952,Host287,Manhattan,Upper West Side,40.73124,-73.71335,Entire home/apt,185.05,1,22,2023-06-15,0.11,1,225
1818,Listing 1818,7238,Host205,Manhattan,Upper West Side,40.68303,-73.70429,Entire home/apt,181.21,2,15,2023-06-15,1.51,2,179
1819,Listing 1819,4210,Host145,Brooklyn,Bushwick,40.6946,-73.75781,Entire home/apt,173.64,2,14,2023-06-15,0.78,7,257
1820,Listing 1820,4196,Host64,Manhattan,Harlem,40.81901,-73.99326,Entire home/apt,260.19,2,20,2023-06-15,1.56,6,140
1821,Listing 1821,4228,Host333,Brooklyn,Park Slope,40.50044,-73.86442,Entire home/apt,142.07,1,13,2023-06-15,1.65,9,253
1822,Listing 1822,2520,Host343,Manhattan,Upper West Side,40.54641,-74.01758,Entire home/apt,222.95,3,21,2023-06-15,0.2,1,97
1823,Listing 1823,7081,Host44,Manhattan,SoHo,40.73527,-73.71804,Private room,141.94,3,13,2023-06-15,2.64,5,126
1824,Listing 1824,9749,Host46,Queens,Long Island City,40.73061,-73.98954,Entire home/apt,105.57,1,24,2023-06-15,0.25,5,47
1825,Listing 1825,1939,Host343,Queens,Flushing,40.83269,-73.97597,Private room,119.53,2,9,2023-06-15,1.5,5,338
1826,Listing 1826,5304,Host201,Brooklyn,Bedford-Stuyvesant,40.8311,-73.90926,Private room,102.28,5,18,2023-06-15,0.68,3,313
1827,Listing 1827,1990,Host273,Brooklyn,Williamsburg,40.63635,-74.04292,Entire home/apt,214.29,3,26,2023-06-15,0.03,3,156
1828,Listing 1828,4403,Host10,Brooklyn,Williamsburg,40.52864,-73.96288,Entire home/apt,129.31,5,19,2023-06-15,1.7,6,258
1829,Listing 1829,8426,Host123,Manhattan,SoHo,40.87724,-73.95669,Private room,137.56,7,24,2023-06-15,1.86,7,295
1830,Listing 1830,2969,Host123,Manhattan,SoHo,40.53988,-73.89878,Entire home/apt,162.41,1,27,2023-06-15,2.19,3,97
1831,Listing 1831,9637,Host358,Brooklyn,Park Slope,40.51226,-74.00602,Private room,92.85,1,15,2023-06-15,0.69,9,269
1832,Listing 1832,3184,Host233,Manhattan,Chelsea,40.66165,-73.85564,Entire home/apt,212.49,1,22,2023-06-15,0.01,6,292
1833,Listing 1833,1705,Host168,Bronx,Fordham,40.53272,-73.82492,Entire home/apt,20.0,3,18,2023-06-15,2.22,7,87
1834,Listing 1834,4114,Host118,Bronx,Riverdale,40.65964,-73.72959,Entire home/apt,115.49,1,16,2023-06-15,2.35,1,119
1835,Listing 1835,3936,Host28,Queens,Astoria,40.80705,-73.97203,Private room,20.0,7,22,2023-06-15,0.29,7,342
1836,Listing 1836,1455,Host476,Brooklyn,Park Slope,40.53863,-73.76881,Shared room,68.29,5,21,2023-06-15,1.27,2,55
1837,Listing 1837,6686,Host416,Staten Island,St. George,40.87665,-73.76778,Entire home/apt,128.0,1,16,2023-06-15,0.19,4,50
1838,Listing 1838,6965,Host106,Queens,Flushing,40.50966,-73.96255,Entire home/apt,122.64,2,22,2023-06-15,1.74,9,207
1839,Listing 1839,7778,Host327,Queens,Astoria,40.87372,-74.04278,Private room,108.74,1,24,2023-06-15,0.42,3,197
1840,Listing 1840,1735,Host122,Brooklyn,Park Slope,40.55675,-73.77252,Private room,71.27,7,26,2023-06-15,0.01,5,245
1841,Listing 1841,1743,Host19,Brooklyn,Bushwick,40.6764,-73.83342,Entire home/apt,163.78,5,18,2023-06-15,0.12,2,218
1842,Listing 1842,4496,Host275,Manhattan,SoHo,40.68812,-73.85389,Entire home/apt,224.13,30,24,2023-06-15,1.5,8,47
1843,Listing 1843,8620,Host227,Queens,Flushing,40.72796,-73.87775,Entire home/apt,122.0,2,19,2023-06-15,0.87,6,109
1844,Listing 1844,3993,Host44,Manhattan,Upper West Side,40.75089,-73.82608,Entire home/apt,301.35,2,15,2023-06-15,0.49,3,220
1845,Listing 1845,3578,Host3,Manhattan,Upper West Side,40.69293,-73.9838,Entire home/apt,227.91,7,28,2023-06-15,0.12,6,34
1846,Listing 1846,8420,Host122,Brooklyn,Williamsburg,40.72665,-73.91988,Private room,128.8,5,14,2023-06-15,4.25,1,165
1847,Listing 1847,3492,Host342,Queens,Long Island City,40.74656,-73.85274,Private room,58.58,1,13,2023-06-15,1.05,4,313
1848,Listing 1848,2740,Host77,Brooklyn,Williamsburg,40.78047,-73.78727,Private room,77.48,2,24,2023-06-15,3.3,7,176
1849,Listing 1849,6389,Host329,Manhattan,SoHo,40.80942,-73.79176,Entire home/apt,210.95,1,17,2023-06-15,0.45,7,345
1850,Listing 1850,4904,Host269,Queens,Flushing,40.87344,-73.84105,Private room,20.0,7,22,2023-06-15,1.0,5,300
1851,Listing 1851,8967,Host367,Manhattan,Chelsea,40.7922,-73.79654,Private room,166.01,2,24,2023-06-15,0.16,1,148
1852,Listing 1852,5197,Host72,Manhattan,Upper West Side,40.82352,-73.86005,Entire home/apt,282.15,1,20,2023-06-15,0.78,3,180
1853,Listing 1853,7597,Host384,Manhattan,Chelsea,40.79496,-73.70811,Private room,140.1,1,20,2023-06-15,0.33,1,9
1854,Listing 1854,7003,Host241,Manhattan,SoHo,40.6853,-73.94491,Private room,82.53,1,28,2023-06-15,0.49,2,158
1855,Listing 1855,5480,Host228,Brooklyn,Bushwick,40.71754,-73.83262,Entire home/apt,182.85,5,19,2023-06-15,4.04,5,54
1856,Listing 1856,3369,Host315,Manhattan,SoHo,40.81157,-73.81533,Private room,123.79,5,25,2023-06-15,2.14,5,181
1857,Listing 1857,1706,Host20,Brooklyn,Bushwick,40.83382,-73.96998,Private room,137.5,5,19,2023-06-15,0.38,3,189
1858,Listing 1858,5010,Host10,Manhattan,Chelsea,40.797,-73.84647,Private room,113.92,2,17,2023-06-15,1.35,9,187
1859,Listing 1859,1120,Host113,Manhattan,Chelsea,40.59086,-74.02219,Entire home/apt,273.39,2,21,2023-06-15,0.74,7,250
1860,Listing 1860,7520,Host4,Bronx,Riverdale,40.67247,-74.03167,Private room,58.52,30,20,2023-06-15,0.94,1,135
1861,Listing 1861,4662,Host378,Queens,Flushing,40.8571,-73.95305,Private room,62.85,1,26,2023-06-15,0.0,8,351
1862,Listing 1862,8119,Host74,Queens,Astoria,40.8656,-73.73448,Private room,45.27,2,21,2023-06-15,0.34,3,105
1863,Listing 1863,1741,Host279,Manhattan,SoHo,40.88763,-74.03194,Entire home/apt,220.64,1,23,2023-06-15,0.9,5,264
1864,Listing 1864,9573,Host225,Manhattan,Chelsea,40.59157,-74.00138,Entire home/apt,245.24,1,18,2023-06-15,0.2,4,191
1865,Listing 1865,4121,Host413,Queens,Long Island City,40.55775,-73.84177,Entire home/apt,187.0,1,19,2023-06-15,0.98,6,57
1866,Listing 1866,4592,Host432,Manhattan,Upper West Side,40.78592,-73.8113,Entire home/apt,260.61,1,26,2023-06-15,1.05,1,180
1867,Listing 1867,4062,Host260,Brooklyn,Park Slope,40.62219,-73.95151,Entire home/apt,205.67,5,26,2023-06-15,0.02,8,294
1868,Listing 1868,3977,Host383,Brooklyn,Park Slope,40.80242,-73.95672,Entire home/apt,180.38,1,17,2023-06-15,1.55,6,230
1869,Listing 1869,2963,Host475,Manhattan,Harlem,40.8834,-74.03663,Private room,144.74,7,16,2023-06-15,0.81,6,131
1870,Listing 1870,2182,Host159,Brooklyn,Bushwick,40.5352,-73.83027,Private room,153.37,2,26,2023-06-15,1.37,7,354
1871,Listing 1871,2197,Host494,Manhattan,Chelsea,40.68534,-74.02414,Entire home/apt,151.78,1,25,2023-06-15,0.99,1,319
1872,Listing 1872,4109,Host197,Manhattan,Chelsea,40.79109,-73.91224,Entire home/apt,276.32,5,28,2023-06-15,0.29,8,78
1873,Listing 1873,8577,Host26,Manhattan,SoHo,40.5243,-73.83853,Private room,153.3,7,20,2023-06-15,0.3,1,1
1874,Listing 1874,2713,Host193,Manhattan,Upper West Side,40.77022,-73.85702,Private room,140.56,1,27,2023-06-15,0.73,8,329
1875,Listing 1875,6821,Host123,Queens,Astoria,40.67808,-73.73131,Private room,20.0,1,17,2023-06-15,1.44,2,222
1876,Listing 1876,9973,Host423,Manhattan,SoHo,40.68053,-73.96025,Entire home/apt,214.94,2,22,2023-06-15,1.55,7,341
1877,Listing 1877,7457,Host185,Manhattan,SoHo,40.73839,-73.88481,Entire home/apt,281.57,1,30,2023-06-15,3.35,8,29
1878,Listing 1878,9471,Host170,Brooklyn,Park Slope,40.60775,-73.85318,Entire home/apt,112.51,1,18,2023-06-15,2.32,8,13
1879,Listing 1879,8948,Host119,Manhattan,Upper West Side,40.50866,-73.78759,Private room,135.77,7,16,2023-06-15,0.28,8,24
1880,Listing 1880,6026,Host283,Manhattan,Chelsea,40.736,-74.03227,Private room,123.38,5,28,2023-06-15,0.82,8,184
1881,Listing 1881,6490,Host216,Manhattan,Chelsea,40.88056,-74.02229,Private room,118.88,2,27,2023-06-15,1.2,2,160
1882,Listing 1882,4357,Host297,Staten Island,St. George,40.58592,-73.98917,Entire home/apt,107.51,1,26,2023-06-15,1.01,3,347
1883,Listing 1883,2203,Host415,Queens,Flushing,40.87852,-73.85368,Entire home/apt,102.22,3,14,2023-06-15,0.75,2,187
1884,Listing 1884,8631,Host228,Manhattan,SoHo,40.76062,-73.99111,Entire home/apt,222.53,1,20,2023-06-15,3.72,3,23
1885,Listing 1885,5344,Host436,Manhattan,Chelsea,40.79035,-74.02157,Entire home/apt,309.88,2,22,2023-06-15,0.09,1,64
1886,Listing 1886,8973,Host81,Brooklyn,Bushwick,40.56311,-74.03802,Shared room,30.51,5,24,2023-06-15,3.15,7,89
1887,Listing 1887,2086,Host343,Manhattan,Chelsea,40.79015,-73.87807,Shared room,75.4,30,18,2023-06-15,0.85,9,159
1888,Listing 1888,8078,Host265,Staten Island,St. George,40.61561,-73.7023,Entire home/apt,159.09,1,16,2023-06-15,2.21,1,365
1889,Listing 1889,2061,Host233,Brooklyn,Bushwick,40.86791,-73.97977,Entire home/apt,151.17,3,21,2023-06-15,0.56,6,307
1890,Listing 1890,7280,Host231,Brooklyn,Bushwick,40.59941,-73.93925,Private room,57.44,3,22,2023-06-15,0.41,2,101
1891,Listing 1891,3028,Host419,Brooklyn,Williamsburg,40.87745,-73.87474,Entire home/apt,142.67,2,22,2023-06-15,0.59,2,77
1892,Listing 1892,1780,Host310,Staten Island,Tottenville,40.80256,-73.79282,Entire home/apt,136.57,1,19,2023-06-15,0.54,5,145
1893,Listing 1893,7664,Host140,Manhattan,Harlem,40.6172,-73.95815,Private room,117.14,2,23,2023-06-15,1.01,8,32
1894,Listing 1894,9643,Host497,Staten Island,St. George,40.75933,-73.88546,Entire home/apt,62.99,7,18,2023-06-15,0.36,6,20
1895,Listing 1895,6436,Host364,Brooklyn,Bedford-Stuyvesant,40.61208,-73.90718,Entire home/apt,196.75,1,16,2023-06-15,1.12,4,361
1896,Listing 1896,5019,Host175,Queens,Flushing,40.68435,-73.73509,Entire home/apt,84.06,1,23,2023-06-15,1.15,5,308
1897,Listing 1897,2586,Host377,Manhattan,Upper West Side,40.57445,-74.00557,Private room,151.65,1,13,2023-06-15,0.09,3,136
1898,Listing 1898,3970,Host301,Manhattan,SoHo,40.51209,-74.02086,Private room,105.56,7,12,2023-06-15,1.23,4,214
1899,Listing 1899,2610,Host191,Queens,Long Island City,40.6689,-73.76701,Private room,102.19,1,25,2023-06-15,0.41,8,229
1900,Listing 1900,2685,Host287,Manhattan,Chelsea,40.85576,-73.8139,Entire home/apt,295.45,5,21,2023-06-15,0.13,5,123
1901,Listing 1901,1112,Host16,Manhattan,Upper West Side,40.592,-73.7851,Entire home/apt,241.84,3,24,2023-06-15,0.22,1,158
1902,Listing 1902,2041,Host196,Manhattan,Upper West Side,40.87521,-73.81894,Private room,62.47,2,23,2023-06-15,0.59,6,27
1903,Listing 1903,8906,Host468,Manhattan,Chelsea,40.84137,-73.98156,Entire home/apt,224.74,1,18,2023-06-15,1.27,6,59
1904,Listing 1904,6968,Host262,Bronx,Riverdale,40.77829,-73.80248,Entire home/apt,177.68,1,19,2023-06-15,0.04,2,108
1905,Listing 1905,6713,Host352,Manhattan,SoHo,40.8466,-73.96209,Entire home/apt,200.79,30,22,2023-06-15,1.37,8,167
1906,Listing 1906,5690,Host235,Brooklyn,Bushwick,40.74832,-73.90919,Entire home/apt,200.88,1,20,2023-06-15,1.7,5,294
1907,Listing 1907,4424,Host398,Brooklyn,Bedford-Stuyvesant,40.64837,-73.70966,Private room,20.0,1,24,2023-06-15,0.62,6,348
1908,Listing 1908,9277,Host251,Manhattan,SoHo,40.78523,-73.70246,Private room,120.54,7,20,2023-06-15,1.19,1,185
1909,Listing 1909,1321,Host459,Brooklyn,Williamsburg,40.84302,-73.93852,Private room,78.14,2,24,2023-06-15,2.36,5,323
1910,Listing 1910,8166,Host404,Manhattan,Chelsea,40.62741,-74.01016,Entire home/apt,249.74,2,16,2023-06-15,2.2,7,112
1911,Listing 1911,8086,Host409,Brooklyn,Williamsburg,40.54897,-73.85055,Entire home/apt,161.5,1,14,2023-06-15,0.21,4,275
1912,Listing 1912,5127,Host283,Brooklyn,Williamsburg,40.51836,-73.7662,Entire home/apt,208.82,2,18,2023-06-15,1.45,7,192
1913,Listing 1913,8486,Host486,Bronx,Fordham,40.58269,-73.9111,Entire home/apt,66.72,5,11,2023-06-15,2.68,9,106
1914,Listing 1914,8498,Host5,Brooklyn,Park Slope,40.54067,-73.84613,Private room,43.09,3,22,2023-06-15,0.83,2,3
1915,Listing 1915,3696,Host429,Brooklyn,Bushwick,40.86786,-73.78421,Entire home/apt,164.66,2,16,2023-06-15,2.75,9,56
1916,Listing 1916,3312,Host403,Brooklyn,Park Slope,40.82511,-73.77036,Entire home/apt,115.49,30,26,2023-06-15,0.85,6,155
1917,Listing 1917,7486,Host450,Staten Island,St. George,40.89422,-73.76498,Private room,34.15,7,21,2023-06-15,4.68,2,235
1918,Listing 1918,3272,Host53,Brooklyn,Bushwick,40.65351,-73.85831,Entire home/apt,126.12,1,19,2023-06-15,1.51,8,282
1919,Listing 1919,2882,Host44,Queens,Astoria,40.74362,-73.83752,Entire home/apt,140.44,1,23,2023-06-15,3.04,9,32
1920,Listing 1920,5749,Host290,Manhattan,SoHo,40.50762,-73.94591,Entire home/apt,195.67,2,13,2023-06-15,0.75,6,260
1921,Listing 1921,1895,Host455,Brooklyn,Bushwick,40.72132,-73.81184,Entire home/apt,151.45,3,19,2023-06-15,1.05,8,51
1922,Listing 1922,6511,Host389,Brooklyn,Park Slope,40.53391,-73.95787,Private room,145.25,2,22,2023-06-15,2.8,7,147
1923,Listing 1923,5931,Host287,Queens,Flushing,40.65419,-74.0406,Private room,195.84,3,17,2023-06-15,0.35,3,33
1924,Listing 1924,8283,Host65,Manhattan,Chelsea,40.70157,-73.88666,Private room,163.89,3,25,2023-06-15,2.07,8,19
1925,Listing 1925,3812,Host46,Manhattan,Harlem,40.79298,-74.04812,Private room,141.09,1,24,2023-06-15,0.2,9,316
1926,Listing 1926,8026,Host411,Brooklyn,Park Slope,40.71455,-73.8386,Entire home/apt,168.01,3,23,2023-06-15,1.95,3,165
1927,Listing 1927,1728,Host158,Manhattan,Chelsea,40.67774,-73.72798,Private room,124.49,3,19,2023-06-15,2.43,8,301
1928,Listing 1928,5158,Host260,Manhattan,SoHo,40.50089,-73.96695,Entire home/apt,189.39,1,13,2023-06-15,0.05,1,260
1929,Listing 1929,3883,Host243,Brooklyn,Bedford-Stuyvesant,40.62321,-73.82172,Private room,122.21,1,22,2023-06-15,0.15,8,250
1930,Listing 1930,4659,Host273,Manhattan,Chelsea,40.53856,-73.77038,Private room,57.33,30,15,2023-06-15,0.07,8,53
1931,Listing 1931,4915,Host399,Bronx,Riverdale,40.504,-73.91241,Entire home/apt,106.82,5,19,2023-06-15,1.41,1,15
1932,Listing 1932,9298,Host219,Queens,Flushing,40.80397,-74.04009,Private room,119.75,3,20,2023-06-15,0.56,9,288
1933,Listing 1933,8670,Host362,Manhattan,Harlem,40.88344,-74.02481,Private room,122.8,1,26,2023-06-15,2.25,6,182
1934,Listing 1934,4027,Host53,Brooklyn,Park Slope,40.69903,-73.86567,Entire home/apt,144.59,3,20,2023-06-15,6.33,7,323
1935,Listing 1935,2964,Host458,Brooklyn,Park Slope,40.70399,-73.72666,Private room,48.11,5,17,2023-06-15,3.48,4,112
1936,Listing 1936,7544,Host56,Manhattan,Upper West Side,40.55654,-73.91124,Entire home/apt,198.55,1,24,2023-06-15,1.47,2,177
1937,Listing 1937,5833,Host146,Queens,Astoria,40.85105,-73.75915,Private room,72.37,1,16,2023-06-15,0.11,8,185
1938,Listing 1938,4259,Host412,Manhattan,Chelsea,40.69193,-73.9367,Entire home/apt,200.94,7,11,2023-06-15,2.16,1,162
1939,Listing 1939,4400,Host29,Manhattan,Chelsea,40.79145,-73.98386,Private room,152.1,3,18,2023-06-15,1.13,3,165
1940,Listing 1940,7859,Host452,Brooklyn,Bushwick,40.79218,-73.9111,Entire home/apt,168.49,2,17,2023-06-15,0.47,9,150
1941,Listing 1941,3419,Host207,Brooklyn,Bedford-Stuyvesant,40.89342,-73.84243,Private room,136.37,1,19,2023-06-15,0.04,5,198
1942,Listing 1942,3594,Host69,Manhattan,SoHo,40.5625,-73.98349,Entire home/apt,222.05,2,21,2023-06-15,7.71,4,21
1943,Listing 1943,4729,Host336,Brooklyn,Bushwick,40.62998,-73.9265,Entire home/apt,165.58,1,25,2023-06-15,0.06,9,52
1944,Listing 1944,3193,Host403,Manhattan,Upper West Side,40.71566,-73.99008,Entire home/apt,236.09,2,25,2023-06-15,2.64,3,354
1945,Listing 1945,3480,Host399,Manhattan,Upper West Side,40.86297,-73.91397,Private room,86.02,2,16,2023-06-15,1.06,7,268
1946,Listing 1946,4849,Host242,Manhattan,Upper West Side,40.8671,-74.0454,Entire home/apt,246.56,2,21,2023-06-15,0.12,1,181
1947,Listing 1947,4343,Host439,Brooklyn,Bedford-Stuyvesant,40.51424,-73.777,Private room,75.81,7,31,2023-06-15,2.33,5,21
1948,Listing 1948,5935,Host172,Queens,Flushing,40.80474,-73.71463,Entire home/apt,127.69,2,20,2023-06-15,0.78,8,334
1949,Listing 1949,1825,Host168,Bronx,Riverdale,40.73183,-73.80039,Entire home/apt,43.08,1,23,2023-06-15,0.68,1,216
1950,Listing 1950,5836,Host183,Manhattan,Chelsea,40.75113,-73.84273,Private room,64.07,1,13,2023-06-15,0.18,2,154
1951,Listing 1951,6378,Host157,Brooklyn,Park Slope,40.80284,-73.91343,Shared room,45.09,5,24,2023-06-15,0.35,8,139
1952,Listing 1952,9946,Host164,Manhattan,Chelsea,40.62175,-73.74952,Entire home/apt,251.48,1,26,2023-06-15,0.48,6,105
1953,Listing 1953,9377,Host216,Manhattan,Upper West Side,40.81001,-74.03015,Entire home/apt,235.37,2,18,2023-06-15,1.62,4,48
1954,Listing 1954,3368,Host177,Brooklyn,Park Slope,40.8704,-73.72416,Entire home/apt,168.44,2,18,2023-06-15,2.32,2,28
1955,Listing 1955,4226,Host380,Manhattan,Upper West Side,40.52184,-73.76831,Entire home/apt,246.71,5,14,2023-06-15,1.82,4,220
1956,Listing 1956,1538,Host457,Brooklyn,Williamsburg,40.6653,-73.84565,Private room,119.9,1,21,2023-06-15,1.36,3,151
1957,Listing 1957,2713,Host325,Manhattan,Chelsea,40.87067,-73.90576,Private room,112.75,3,12,2023-06-15,0.16,2,66
1958,Listing 1958,8179,Host487,Brooklyn,Williamsburg,40.72295,-73.90566,Private room,113.22,1,12,2023-06-15,0.07,1,14
1959,Listing 1959,3440,Host129,Brooklyn,Williamsburg,40.70045,-73.82383,Entire home/apt,147.06,2,23,2023-06-15,0.67,1,30
1960,Listing 1960,4300,Host421,Queens,Flushing,40.62897,-73.86163,Private room,96.25,30,19,2023-06-15,0.22,4,94
1961,Listing 1961,4689,Host248,Queens,Long Island City,40.7761,-73.88499,Shared room,150.91,1,17,2023-06-15,0.41,9,114
1962,Listing 1962,2446,Host440,Manhattan,SoHo,40.83987,-73.71275,Entire home/apt,289.42,3,18,2023-06-15,0.09,7,149
1963,Listing 1963,6755,Host317,Brooklyn,Park Slope,40.84849,-73.78817,Entire home/apt,132.13,3,23,2023-06-15,0.57,4,129
1964,Listing 1964,6018,Host396,Manhattan,Upper West Side,40.76051,-74.03034,Private room,172.54,5,23,2023-06-15,0.52,1,81
1965,Listing 1965,9894,Host7,Manhattan,SoHo,40.65377,-74.02373,Private room,124.39,3,15,2023-06-15,2.24,8,342
1966,Listing 1966,5103,Host225,Brooklyn,Williamsburg,40.77085,-73.82316,Entire home/apt,226.66,1,25,2023-06-15,2.26,2,117
1967,Listing 1967,7423,Host286,Bronx,Riverdale,40.61207,-73.83648,Entire home/apt,101.73,1,24,2023-06-15,0.63,3,188
1968,Listing 1968,1792,Host113,Brooklyn,Park Slope,40.7694,-73.71087,Entire home/apt,257.54,3,16,2023-06-15,4.51,8,129
1969,Listing 1969,4271,Host326,Manhattan,Upper West Side,40.83174,-73.80358,Private room,120.01,7,24,2023-06-15,1.61,4,191
1970,Listing 1970,1370,Host197,Brooklyn,Bushwick,40.84077,-73.87962,Entire home/apt,203.6,1,25,2023-06-15,0.59,6,265
1971,Listing 1971,8993,Host233,Manhattan,Upper West Side,40.56592,-74.01407,Private room,158.71,1,16,2023-06-15,0.34,1,136
1972,Listing 1972,4735,Host133,Manhattan,SoHo,40.50773,-73.97067,Private room,197.17,3,23,2023-06-15,0.87,1,237
1973,Listing 1973,1844,Host146,Manhattan,SoHo,40.57625,-73.84238,Entire home/apt,225.3,3,19,2023-06-15,0.43,5,26
1974,Listing 1974,8750,Host269,Manhattan,SoHo,40.58619,-73.80701,Private room,158.69,2,24,2023-06-15,0.61,1,273
1975,Listing 1975,1827,Host265,Manhattan,Harlem,40.87285,-73.73396,Entire home/apt,276.35,1,17,2023-06-15,0.26,4,127
1976,Listing 1976,2781,Host251,Brooklyn,Park Slope,40.77671,-74.00787,Entire home/apt,180.86,2,23,2023-06-15,3.57,7,225
1977,Listing 1977,6279,Host422,Brooklyn,Park Slope,40.83992,-73.96853,Private room,33.06,1,25,2023-06-15,0.47,4,237
1978,Listing 1978,6612,Host43,Manhattan,Upper West Side,40.83609,-73.70727,Entire home/apt,192.95,1,16,2023-06-15,0.93,3,59
1979,Listing 1979,7760,Host207,Manhattan,SoHo,40.76861,-73.97535,Entire home/apt,223.54,1,20,2023-06-15,0.94,3,86
1980,Listing 1980,1312,Host415,Brooklyn,Bushwick,40.75313,-73.79708,Entire home/apt,215.54,2,22,2023-06-15,0.03,2,264
1981,Listing 1981,8517,Host72,Brooklyn,Bedford-Stuyvesant,40.53744,-73.90074,Private room,60.22,1,19,2023-06-15,0.71,1,279
1982,Listing 1982,5999,Host475,Queens,Flushing,40.74314,-73.76474,Entire home/apt,88.72,2,21,2023-06-15,2.86,9,351
1983,Listing 1983,5380,Host149,Manhattan,SoHo,40.70966,-73.84142,Entire home/apt,256.31,1,22,2023-06-15,0.04,5,352
1984,Listing 1984,6233,Host4,Manhattan,Harlem,40.50171,-73.7085,Entire home/apt,190.57,1,17,2023-06-15,0.21,8,127
1985,Listing 1985,7707,Host186,Manhattan,Harlem,40.79989,-73.97023,Entire home/apt,182.55,2,28,2023-06-15,1.59,2,305
1986,Listing 1986,1976,Host371,Manhattan,Harlem,40.69056,-73.9931,Entire home/apt,179.55,1,25,2023-06-15,0.79,6,308
1987,Listing 1987,8105,Host301,Brooklyn,Park Slope,40.79146,-73.90623,Entire home/apt,194.76,2,25,2023-06-15,0.91,9,334
1988,Listing 1988,5090,Host429,Brooklyn,Bedford-Stuyvesant,40.65949,-73.75628,Private room,63.3,1,23,2023-06-15,0.19,6,277
1989,Listing 1989,1709,Host337,Manhattan,Harlem,40.86473,-73.73272,Entire home/apt,219.47,1,18,2023-06-15,0.76,7,201
1990,Listing 1990,5545,Host220,Brooklyn,Park Slope,40.87284,-73.96964,Entire home/apt,171.82,1,23,2023-06-15,2.92,2,82
1991,Listing 1991,7745,Host88,Manhattan,Harlem,40.60099,-73.70559,Private room,128.72,1,19,2023-06-15,2.54,7,56
1992,Listing 1992,8946,Host229,Bronx,Fordham,40.74989,-73.74455,Entire home/apt,96.67,2,24,2023-06-15,0.64,2,67
1993,Listing 1993,8197,Host444,Brooklyn,Park Slope,40.57176,-73.73007,Private room,67.39,1,24,2023-06-15,1.6,5,265
1994,Listing 1994,4777,Host382,Manhattan,Harlem,40.7563,-73.81819,Entire home/apt,266.42,2,22,2023-06-15,0.71,7,34
1995,Listing 1995,6263,Host435,Queens,Long Island City,40.68847,-73.98932,Entire home/apt,121.73,1,17,2023-06-15,0.48,5,63
1996,Listing 1996,9275,Host388,Brooklyn,Williamsburg,40.53007,-74.01528,Entire home/apt,108.01,1,17,2023-06-15,1.35,8,9
1997,Listing 1997,5191,Host10,Staten Island,St. George,40.64229,-73.87885,Private room,108.08,3,15,2023-06-15,0.2,3,81
1998,Listing 1998,7714,Host72,Bronx,Fordham,40.8148,-73.78637,Private room,63.53,3,20,2023-06-15,3.76,8,108
1999,Listing 1999,7572,Host460,Queens,Long Island City,40.79273,-74.03498,Private room,109.28,3,26,2023-06-15,0.64,8,19
2000,Listing 2000,3694,Host456,Queens,Astoria,40.74028,-73.81999,Shared room,20.0,2,20,2023-06-15,1.24,2,8
